#
# TABLE STRUCTURE FOR: tb_admin
#

DROP TABLE IF EXISTS `tb_admin`;

CREATE TABLE `tb_admin` (
  `id_admin` varchar(50) NOT NULL,
  `nama` varchar(255) NOT NULL,
  `status` varchar(100) NOT NULL,
  `email` varchar(255) NOT NULL,
  `password` text NOT NULL,
  `level` varchar(50) NOT NULL DEFAULT 'Administrator',
  PRIMARY KEY (`id_admin`)
) ENGINE=InnoDB DEFAULT CHARSET=utf8mb4 COLLATE=utf8mb4_general_ci;

INSERT INTO `tb_admin` (`id_admin`, `nama`, `status`, `email`, `password`, `level`) VALUES ('axsj001sAOWn', 'Erik W', 'Admin web', 'admin@kassandra.com', 'd0aeca852d9004f9eab4fb139b3ec6db', 'Administrator');


#
# TABLE STRUCTURE FOR: tb_anggota
#

DROP TABLE IF EXISTS `tb_anggota`;

CREATE TABLE `tb_anggota` (
  `id_anggota` varchar(50) NOT NULL,
  `nama` varchar(255) NOT NULL,
  `no_hp_anggota` varchar(15) NOT NULL,
  `jenis_kelamin` varchar(50) NOT NULL,
  `tgl_lahir` date NOT NULL,
  `tempat_lahir` varchar(50) NOT NULL,
  `agama` varchar(50) NOT NULL,
  `pendidikan` varchar(100) NOT NULL,
  `pekerjaan` varchar(100) NOT NULL,
  `hubungan` varchar(100) NOT NULL,
  `perkawinan` varchar(11) NOT NULL,
  `kewarganegaraan` varchar(3) NOT NULL,
  `nama_ayah` varchar(255) NOT NULL,
  `nama_ibu` varchar(255) NOT NULL,
  `nik` varchar(50) NOT NULL,
  `id_kk` varchar(50) NOT NULL,
  `id_rt` varchar(50) NOT NULL,
  `level` varchar(50) NOT NULL DEFAULT 'anggota_kk',
  PRIMARY KEY (`id_anggota`),
  KEY `id_kk` (`id_kk`),
  CONSTRAINT `tb_anggota_ibfk_1` FOREIGN KEY (`id_kk`) REFERENCES `tb_kk` (`id_kk`) ON UPDATE CASCADE
) ENGINE=InnoDB DEFAULT CHARSET=utf8mb4 COLLATE=utf8mb4_general_ci;

INSERT INTO `tb_anggota` (`id_anggota`, `nama`, `no_hp_anggota`, `jenis_kelamin`, `tgl_lahir`, `tempat_lahir`, `agama`, `pendidikan`, `pekerjaan`, `hubungan`, `perkawinan`, `kewarganegaraan`, `nama_ayah`, `nama_ibu`, `nik`, `id_kk`, `id_rt`, `level`) VALUES ('A006blqkF9zP9IJR', 'Soiman', '', 'Laki-laki', '1967-06-30', 'Ponorogo', 'Islam', 'SMP', 'Belum/Tidak Bekerja', 'Kepala Keluarga', 'Kawin', 'WNI', '', '', '3502113006670066', 'K003OsocExjAHR9C', 'jfeed001jddSWc', 'anggota_kk');
INSERT INTO `tb_anggota` (`id_anggota`, `nama`, `no_hp_anggota`, `jenis_kelamin`, `tgl_lahir`, `tempat_lahir`, `agama`, `pendidikan`, `pekerjaan`, `hubungan`, `perkawinan`, `kewarganegaraan`, `nama_ayah`, `nama_ibu`, `nik`, `id_kk`, `id_rt`, `level`) VALUES ('A007JUKeOSb1RzCH', 'Sabar Wahyu Eko', '', 'Laki-laki', '1964-03-09', 'Ponorogo', 'Islam', 'SMP', 'Petani/Pekebun', 'Kepala Keluarga', 'Kawin', 'WNI', '', '', '3502111903640006', 'K004pP0LF3wzmZ8n', 'jfeed001jddSWc', 'anggota_kk');
INSERT INTO `tb_anggota` (`id_anggota`, `nama`, `no_hp_anggota`, `jenis_kelamin`, `tgl_lahir`, `tempat_lahir`, `agama`, `pendidikan`, `pekerjaan`, `hubungan`, `perkawinan`, `kewarganegaraan`, `nama_ayah`, `nama_ibu`, `nik`, `id_kk`, `id_rt`, `level`) VALUES ('A008wigE6bypfccH', 'Mujiati', '', 'Perempuan', '1963-10-21', 'Ponorogo', 'Islam', 'SD', 'Petani/Pekebun', 'Istri', 'Kawin', 'WNI', '', '', '3502116110630001', 'K004pP0LF3wzmZ8n', 'jfeed001jddSWc', 'anggota_kk');
INSERT INTO `tb_anggota` (`id_anggota`, `nama`, `no_hp_anggota`, `jenis_kelamin`, `tgl_lahir`, `tempat_lahir`, `agama`, `pendidikan`, `pekerjaan`, `hubungan`, `perkawinan`, `kewarganegaraan`, `nama_ayah`, `nama_ibu`, `nik`, `id_kk`, `id_rt`, `level`) VALUES ('A009XXL0o8NAxQYp', 'Risqi Wahyu Alfajar', '', 'Laki-laki', '1999-02-28', 'Ponorogo', 'Islam', 'SMA', 'Wiraswasta', 'Anak', 'Kawin', 'WNI', '', '', '3502112802990001', 'K004pP0LF3wzmZ8n', 'jfeed001jddSWc', 'anggota_kk');
INSERT INTO `tb_anggota` (`id_anggota`, `nama`, `no_hp_anggota`, `jenis_kelamin`, `tgl_lahir`, `tempat_lahir`, `agama`, `pendidikan`, `pekerjaan`, `hubungan`, `perkawinan`, `kewarganegaraan`, `nama_ayah`, `nama_ibu`, `nik`, `id_kk`, `id_rt`, `level`) VALUES ('A0100Z2BVB6FZJ3U', 'Mualif Syaiful Bakri', '', 'Laki-laki', '1982-07-21', 'Ponorogo', 'Islam', 'S1', 'Kepolisian RI', 'Kepala Keluarga', 'Kawin', 'WNI', 'Suyatno', 'Sumirah', '3502112107820005', 'K001MehsVaetEa2N', 'jfeed001jddSWc', 'anggota_kk');
INSERT INTO `tb_anggota` (`id_anggota`, `nama`, `no_hp_anggota`, `jenis_kelamin`, `tgl_lahir`, `tempat_lahir`, `agama`, `pendidikan`, `pekerjaan`, `hubungan`, `perkawinan`, `kewarganegaraan`, `nama_ayah`, `nama_ibu`, `nik`, `id_kk`, `id_rt`, `level`) VALUES ('A011YSK2felJ6ljE', 'Ratnasari', '', 'Perempuan', '1983-03-12', 'Ponorogo', 'Islam', 'D3', 'Wiraswasta', 'Istri', 'Kawin', 'WNI', 'Sarkam', 'Mesianah', '3502115203830007', 'K001MehsVaetEa2N', 'jfeed001jddSWc', 'anggota_kk');
INSERT INTO `tb_anggota` (`id_anggota`, `nama`, `no_hp_anggota`, `jenis_kelamin`, `tgl_lahir`, `tempat_lahir`, `agama`, `pendidikan`, `pekerjaan`, `hubungan`, `perkawinan`, `kewarganegaraan`, `nama_ayah`, `nama_ibu`, `nik`, `id_kk`, `id_rt`, `level`) VALUES ('A012OK1X87yz5rWS', 'Nabila Faiz Indrastata', '', 'Perempuan', '2009-02-17', 'Ponorogo', 'Islam', 'SMP', 'Pelajar/Mahasiswa', 'Anak', 'Belum Kawin', 'WNI', 'Mualif Syaiful Bakri', 'Ratnasari', '3502115702090004', 'K001MehsVaetEa2N', 'jfeed001jddSWc', 'anggota_kk');
INSERT INTO `tb_anggota` (`id_anggota`, `nama`, `no_hp_anggota`, `jenis_kelamin`, `tgl_lahir`, `tempat_lahir`, `agama`, `pendidikan`, `pekerjaan`, `hubungan`, `perkawinan`, `kewarganegaraan`, `nama_ayah`, `nama_ibu`, `nik`, `id_kk`, `id_rt`, `level`) VALUES ('A013kLiHMvJwLSW6', 'Naeva Aisy Anindya', '', 'Perempuan', '2013-12-13', 'Ponorogo', 'Islam', 'SD', 'Pelajar/Mahasiswa', 'Anak', 'Belum Kawin', 'WNI', 'Mualif Syaiful Bakri', 'Ratnasari', '3502115312130001', 'K001MehsVaetEa2N', 'jfeed001jddSWc', 'anggota_kk');
INSERT INTO `tb_anggota` (`id_anggota`, `nama`, `no_hp_anggota`, `jenis_kelamin`, `tgl_lahir`, `tempat_lahir`, `agama`, `pendidikan`, `pekerjaan`, `hubungan`, `perkawinan`, `kewarganegaraan`, `nama_ayah`, `nama_ibu`, `nik`, `id_kk`, `id_rt`, `level`) VALUES ('A014AF0hKyx5wN1i', 'Fahri Alfath Aryasetya', '', 'Laki-laki', '2017-12-26', 'Ponorogo', 'Islam', 'Tidak Sekolah', 'Belum/Tidak Bekerja', 'Anak', 'Belum Kawin', 'WNI', 'Mualif Syaiful Bakri', 'Ratnasari', '3502112612170001', 'K001MehsVaetEa2N', 'jfeed001jddSWc', 'anggota_kk');
INSERT INTO `tb_anggota` (`id_anggota`, `nama`, `no_hp_anggota`, `jenis_kelamin`, `tgl_lahir`, `tempat_lahir`, `agama`, `pendidikan`, `pekerjaan`, `hubungan`, `perkawinan`, `kewarganegaraan`, `nama_ayah`, `nama_ibu`, `nik`, `id_kk`, `id_rt`, `level`) VALUES ('A017qEAIb1mO6qFe', 'Dwi Susanto', '', 'Laki-laki', '1995-06-09', 'Ponorogo', 'Islam', 'SMP', 'Karyawan Swasta', 'Kepala Keluarga', 'Kawin', 'WNI', 'Serin', 'Misiyah', '3502010906950001', 'K044Hiad4zsBPXUT', 'jfeed001jddSWc', 'anggota_kk');
INSERT INTO `tb_anggota` (`id_anggota`, `nama`, `no_hp_anggota`, `jenis_kelamin`, `tgl_lahir`, `tempat_lahir`, `agama`, `pendidikan`, `pekerjaan`, `hubungan`, `perkawinan`, `kewarganegaraan`, `nama_ayah`, `nama_ibu`, `nik`, `id_kk`, `id_rt`, `level`) VALUES ('A018M5TquZxNQKpm', 'Nurinta Zumrotin Aswaty', '', 'Perempuan', '1998-04-28', 'Ponorogo', 'Islam', 'SMA', 'Karyawan Swasta', 'Istri', 'Kawin', 'WNI', 'Bandi', 'Tumini', '3502116804980001', 'K044Hiad4zsBPXUT', 'jfeed001jddSWc', 'anggota_kk');
INSERT INTO `tb_anggota` (`id_anggota`, `nama`, `no_hp_anggota`, `jenis_kelamin`, `tgl_lahir`, `tempat_lahir`, `agama`, `pendidikan`, `pekerjaan`, `hubungan`, `perkawinan`, `kewarganegaraan`, `nama_ayah`, `nama_ibu`, `nik`, `id_kk`, `id_rt`, `level`) VALUES ('A019cKdf3Rty2Gj0', 'Muhammad Atthar Abbiyu Zhafran', '', 'Laki-laki', '2023-04-07', 'Ponorogo', 'Islam', 'Tidak Sekolah', 'Belum/Tidak Bekerja', 'Anak', 'Belum Kawin', 'WNI', 'Dwi Susanto', 'Nurinta Zumrotin Aswaty', '3502110704230001', 'K044Hiad4zsBPXUT', 'jfeed001jddSWc', 'anggota_kk');
INSERT INTO `tb_anggota` (`id_anggota`, `nama`, `no_hp_anggota`, `jenis_kelamin`, `tgl_lahir`, `tempat_lahir`, `agama`, `pendidikan`, `pekerjaan`, `hubungan`, `perkawinan`, `kewarganegaraan`, `nama_ayah`, `nama_ibu`, `nik`, `id_kk`, `id_rt`, `level`) VALUES ('A020skLstmt0V7s9', 'Triono Aziz', '', 'Laki-laki', '1984-04-06', 'Ponorogo', 'Islam', 'SD', 'Karyawan Swasta', 'Kepala Keluarga', 'Kawin', 'WNI', 'Kademo', 'Katini', '3502110604840002', 'K014W70zQp9TNY0Q', 'jfeed001jddSWc', 'anggota_kk');
INSERT INTO `tb_anggota` (`id_anggota`, `nama`, `no_hp_anggota`, `jenis_kelamin`, `tgl_lahir`, `tempat_lahir`, `agama`, `pendidikan`, `pekerjaan`, `hubungan`, `perkawinan`, `kewarganegaraan`, `nama_ayah`, `nama_ibu`, `nik`, `id_kk`, `id_rt`, `level`) VALUES ('A021YWA2LjkKREu6', 'Siti Yasenta Putri', '', 'Perempuan', '1996-07-25', 'Kediri', 'Islam', 'SMP', 'Karyawan Swasta', 'Istri', 'Kawin', 'WNI', 'Mesero', 'Ms. Mariyam', '3505146507960002', 'K014W70zQp9TNY0Q', 'jfeed001jddSWc', 'anggota_kk');
INSERT INTO `tb_anggota` (`id_anggota`, `nama`, `no_hp_anggota`, `jenis_kelamin`, `tgl_lahir`, `tempat_lahir`, `agama`, `pendidikan`, `pekerjaan`, `hubungan`, `perkawinan`, `kewarganegaraan`, `nama_ayah`, `nama_ibu`, `nik`, `id_kk`, `id_rt`, `level`) VALUES ('A022rLQk7ITeWaRu', 'Siti Nur Azizah', '', 'Perempuan', '2021-04-12', 'Ponorogo', 'Islam', 'Tidak Sekolah', 'Belum/Tidak Bekerja', 'Anak', 'Belum Kawin', 'WNI', 'Triono Aziz', 'Siti Yasenta Putri', '3502115204210001', 'K014W70zQp9TNY0Q', 'jfeed001jddSWc', 'anggota_kk');
INSERT INTO `tb_anggota` (`id_anggota`, `nama`, `no_hp_anggota`, `jenis_kelamin`, `tgl_lahir`, `tempat_lahir`, `agama`, `pendidikan`, `pekerjaan`, `hubungan`, `perkawinan`, `kewarganegaraan`, `nama_ayah`, `nama_ibu`, `nik`, `id_kk`, `id_rt`, `level`) VALUES ('A023WGUdKWOv11FY', 'Tukiman', '', 'Laki-laki', '1962-06-30', 'Ponorogo', 'Islam', 'SD', 'Wiraswasta', 'Kepala Keluarga', 'Kawin', 'WNI', '', '', '3502113006620082', 'K016GBEYKaYg1yN9', 'jfeed001jddSWc', 'anggota_kk');
INSERT INTO `tb_anggota` (`id_anggota`, `nama`, `no_hp_anggota`, `jenis_kelamin`, `tgl_lahir`, `tempat_lahir`, `agama`, `pendidikan`, `pekerjaan`, `hubungan`, `perkawinan`, `kewarganegaraan`, `nama_ayah`, `nama_ibu`, `nik`, `id_kk`, `id_rt`, `level`) VALUES ('A024j9YySy7LXJL0', 'Sumini', '', 'Perempuan', '1967-09-09', 'Ponorogo', 'Islam', 'SD', 'Mengurus Rumah Tangga', 'Istri', 'Kawin', 'WNI', '', '', '3502114909670001', 'K016GBEYKaYg1yN9', 'jfeed001jddSWc', 'anggota_kk');
INSERT INTO `tb_anggota` (`id_anggota`, `nama`, `no_hp_anggota`, `jenis_kelamin`, `tgl_lahir`, `tempat_lahir`, `agama`, `pendidikan`, `pekerjaan`, `hubungan`, `perkawinan`, `kewarganegaraan`, `nama_ayah`, `nama_ibu`, `nik`, `id_kk`, `id_rt`, `level`) VALUES ('A025wltLlVw4kXxz', 'Erik Wahyudi', '', 'Laki-laki', '2000-11-05', 'Ponorogo', 'Islam', 'SMA', 'Pelajar/Mahasiswa', 'Anak', 'Belum Kawin', 'WNI', 'Tukiman', 'Sumini', '3502110511000001', 'K016GBEYKaYg1yN9', 'jfeed001jddSWc', 'anggota_kk');
INSERT INTO `tb_anggota` (`id_anggota`, `nama`, `no_hp_anggota`, `jenis_kelamin`, `tgl_lahir`, `tempat_lahir`, `agama`, `pendidikan`, `pekerjaan`, `hubungan`, `perkawinan`, `kewarganegaraan`, `nama_ayah`, `nama_ibu`, `nik`, `id_kk`, `id_rt`, `level`) VALUES ('A026njO2uWREgSmB', 'Misiran', '', 'Laki-laki', '1955-06-30', 'Ponorogo', 'Islam', 'SD', 'Petani/Pekebun', 'Kepala Keluarga', 'Kawin', 'WNI', 'Misijo', 'Soirah', '3502113006550155', 'K039d9YxCq9EuGd0', 'jfeed001jddSWc', 'anggota_kk');
INSERT INTO `tb_anggota` (`id_anggota`, `nama`, `no_hp_anggota`, `jenis_kelamin`, `tgl_lahir`, `tempat_lahir`, `agama`, `pendidikan`, `pekerjaan`, `hubungan`, `perkawinan`, `kewarganegaraan`, `nama_ayah`, `nama_ibu`, `nik`, `id_kk`, `id_rt`, `level`) VALUES ('A027oFoNi1UZNFTF', 'Misti', '', 'Laki-laki', '1963-06-30', 'Ponorogo', 'Islam', 'SD', 'Petani/Pekebun', 'Istri', 'Kawin', 'WNI', 'Yatim', 'Surip', '2502117006630141', 'K039d9YxCq9EuGd0', 'jfeed001jddSWc', 'anggota_kk');
INSERT INTO `tb_anggota` (`id_anggota`, `nama`, `no_hp_anggota`, `jenis_kelamin`, `tgl_lahir`, `tempat_lahir`, `agama`, `pendidikan`, `pekerjaan`, `hubungan`, `perkawinan`, `kewarganegaraan`, `nama_ayah`, `nama_ibu`, `nik`, `id_kk`, `id_rt`, `level`) VALUES ('A028aBAzu6j7Vguc', 'Mesianah', '', 'Perempuan', '1955-11-24', 'Ponorogo', 'Islam', 'SMA', 'Pegawai Negeri Sipil', 'Kepala Keluarga', 'Cerai Hidup', 'WNI', 'Dahlan', 'Katimah', '3502116411550001', 'K032Jy4JCwSe2zZq', 'jfeed001jddSWc', 'anggota_kk');
INSERT INTO `tb_anggota` (`id_anggota`, `nama`, `no_hp_anggota`, `jenis_kelamin`, `tgl_lahir`, `tempat_lahir`, `agama`, `pendidikan`, `pekerjaan`, `hubungan`, `perkawinan`, `kewarganegaraan`, `nama_ayah`, `nama_ibu`, `nik`, `id_kk`, `id_rt`, `level`) VALUES ('A029FzmwJrV0goLN', 'Dasri', '', 'Perempuan', '1965-11-30', 'Ponorogo', 'Islam', 'SD', 'Wiraswasta', 'Kepala Keluarga', 'Cerai Mati', 'WNI', 'Kademin', 'Lasmi', '3502117011650002', 'K029trPqu9oSbr5C', 'jfeed001jddSWc', 'anggota_kk');
INSERT INTO `tb_anggota` (`id_anggota`, `nama`, `no_hp_anggota`, `jenis_kelamin`, `tgl_lahir`, `tempat_lahir`, `agama`, `pendidikan`, `pekerjaan`, `hubungan`, `perkawinan`, `kewarganegaraan`, `nama_ayah`, `nama_ibu`, `nik`, `id_kk`, `id_rt`, `level`) VALUES ('A030MwZpnBnfJmvc', 'Mudji Wahjuti', '', 'Perempuan', '1958-02-09', 'Ponorogo', 'Islam', 'SMA', 'Mengurus Rumah Tangga', 'Kepala Keluarga', 'Cerai Mati', 'WNI', 'Gimin', 'Murti', '3502114902580001', 'K028U09hrJ44Kjh2', 'jfeed001jddSWc', 'anggota_kk');
INSERT INTO `tb_anggota` (`id_anggota`, `nama`, `no_hp_anggota`, `jenis_kelamin`, `tgl_lahir`, `tempat_lahir`, `agama`, `pendidikan`, `pekerjaan`, `hubungan`, `perkawinan`, `kewarganegaraan`, `nama_ayah`, `nama_ibu`, `nik`, `id_kk`, `id_rt`, `level`) VALUES ('A031z25QtpFW7SmN', 'Bolo', '', 'Laki-laki', '1967-06-30', 'Ponorogo', 'Islam', 'SD', 'Petani/Pekebun', 'Kepala Keluarga', 'Kawin', 'WNI', 'Ladi', 'Soinem', '3502113006670035', 'K026bNO16uCzCB7T', 'jfeed001jddSWc', 'anggota_kk');
INSERT INTO `tb_anggota` (`id_anggota`, `nama`, `no_hp_anggota`, `jenis_kelamin`, `tgl_lahir`, `tempat_lahir`, `agama`, `pendidikan`, `pekerjaan`, `hubungan`, `perkawinan`, `kewarganegaraan`, `nama_ayah`, `nama_ibu`, `nik`, `id_kk`, `id_rt`, `level`) VALUES ('A032WFllf04uvHro', 'Wiji Astuti', '', 'Perempuan', '1969-10-14', 'Ponorogo', 'Islam', 'SMP', 'Petani/Pekebun', 'Istri', 'Kawin', 'WNI', 'Kademin', 'Saminah', '3502115410690001', 'K026bNO16uCzCB7T', 'jfeed001jddSWc', 'anggota_kk');
INSERT INTO `tb_anggota` (`id_anggota`, `nama`, `no_hp_anggota`, `jenis_kelamin`, `tgl_lahir`, `tempat_lahir`, `agama`, `pendidikan`, `pekerjaan`, `hubungan`, `perkawinan`, `kewarganegaraan`, `nama_ayah`, `nama_ibu`, `nik`, `id_kk`, `id_rt`, `level`) VALUES ('A033ZzLYlqqE2yIc', 'Rifi Damayanti', '', 'Perempuan', '1996-08-07', 'Ponorogo', 'Islam', 'S1', 'Pelajar/Mahasiswa', 'Anak', 'Belum Kawin', 'WNI', 'Bolo', 'Wiji Astuti', '3502114708960001', 'K026bNO16uCzCB7T', 'jfeed001jddSWc', 'anggota_kk');
INSERT INTO `tb_anggota` (`id_anggota`, `nama`, `no_hp_anggota`, `jenis_kelamin`, `tgl_lahir`, `tempat_lahir`, `agama`, `pendidikan`, `pekerjaan`, `hubungan`, `perkawinan`, `kewarganegaraan`, `nama_ayah`, `nama_ibu`, `nik`, `id_kk`, `id_rt`, `level`) VALUES ('A0341i3JshEx63ZR', 'Agus Dwi Sofhyan Hadi, S.Pd', '', 'Laki-laki', '1981-08-23', 'Ponorogo', 'Islam', 'S1', 'Wiraswasta', 'Kepala Keluarga', 'Kawin', 'WNI', 'Mardjono', 'Mudji Wahjuti', '3502112308810001', 'K023TugOH05pP21W', 'jfeed001jddSWc', 'anggota_kk');
INSERT INTO `tb_anggota` (`id_anggota`, `nama`, `no_hp_anggota`, `jenis_kelamin`, `tgl_lahir`, `tempat_lahir`, `agama`, `pendidikan`, `pekerjaan`, `hubungan`, `perkawinan`, `kewarganegaraan`, `nama_ayah`, `nama_ibu`, `nik`, `id_kk`, `id_rt`, `level`) VALUES ('A0350OJ3DqgsZW74', 'Slamet Sunaryanto, BA', '', 'Laki-laki', '1962-12-05', 'Ponorogo', 'Islam', 'D3', 'Wiraswasta', 'Kepala Keluarga', 'Kawin', 'WNI', 'Soepijan', 'Sunarmi', '3502110512620001', 'K022r5xHc5i0Cr0O', 'jfeed001jddSWc', 'anggota_kk');
INSERT INTO `tb_anggota` (`id_anggota`, `nama`, `no_hp_anggota`, `jenis_kelamin`, `tgl_lahir`, `tempat_lahir`, `agama`, `pendidikan`, `pekerjaan`, `hubungan`, `perkawinan`, `kewarganegaraan`, `nama_ayah`, `nama_ibu`, `nik`, `id_kk`, `id_rt`, `level`) VALUES ('A036J0X5aDnlVVHp', 'Sudarti', '', 'Perempuan', '1969-09-29', 'Ponorogo', 'Islam', 'SMA', 'Mengurus Rumah Tangga', 'Istri', 'Kawin', 'WNI', 'Slamet', 'Lasemi', '3502116909690001', 'K022r5xHc5i0Cr0O', 'jfeed001jddSWc', 'anggota_kk');
INSERT INTO `tb_anggota` (`id_anggota`, `nama`, `no_hp_anggota`, `jenis_kelamin`, `tgl_lahir`, `tempat_lahir`, `agama`, `pendidikan`, `pekerjaan`, `hubungan`, `perkawinan`, `kewarganegaraan`, `nama_ayah`, `nama_ibu`, `nik`, `id_kk`, `id_rt`, `level`) VALUES ('A037P0bNDFyW1Iaf', 'Rafika Respitasari', '', 'Perempuan', '1993-03-24', 'Ponorogo', 'Islam', 'S1', 'Wiraswasta', 'Anak', 'Belum Kawin', 'WNI', '', '', '3502116403930001', 'K022r5xHc5i0Cr0O', 'jfeed001jddSWc', 'anggota_kk');
INSERT INTO `tb_anggota` (`id_anggota`, `nama`, `no_hp_anggota`, `jenis_kelamin`, `tgl_lahir`, `tempat_lahir`, `agama`, `pendidikan`, `pekerjaan`, `hubungan`, `perkawinan`, `kewarganegaraan`, `nama_ayah`, `nama_ibu`, `nik`, `id_kk`, `id_rt`, `level`) VALUES ('A038G51tXwruW67N', 'Arifatul Fadhila Rahma', '', 'Perempuan', '2006-07-31', 'Ponorogo', 'Islam', 'SMP', 'Pelajar/Mahasiswa', 'Anak', 'Belum Kawin', 'WNI', '', '', '3502117107060001', 'K022r5xHc5i0Cr0O', 'jfeed001jddSWc', 'anggota_kk');
INSERT INTO `tb_anggota` (`id_anggota`, `nama`, `no_hp_anggota`, `jenis_kelamin`, `tgl_lahir`, `tempat_lahir`, `agama`, `pendidikan`, `pekerjaan`, `hubungan`, `perkawinan`, `kewarganegaraan`, `nama_ayah`, `nama_ibu`, `nik`, `id_kk`, `id_rt`, `level`) VALUES ('A039GchUmF4hVEfi', 'Tolu', '', 'Laki-laki', '1949-06-30', 'Ponorogo', 'Islam', 'SD', 'Petani/Pekebun', 'Kepala Keluarga', 'Kawin', 'WNI', 'Saimun', 'Juwog', '3502113006490099', 'K021d3RVjWGnR2tD', 'jfeed001jddSWc', 'anggota_kk');
INSERT INTO `tb_anggota` (`id_anggota`, `nama`, `no_hp_anggota`, `jenis_kelamin`, `tgl_lahir`, `tempat_lahir`, `agama`, `pendidikan`, `pekerjaan`, `hubungan`, `perkawinan`, `kewarganegaraan`, `nama_ayah`, `nama_ibu`, `nik`, `id_kk`, `id_rt`, `level`) VALUES ('A040WuTtIy3kKGfF', 'Kati', '', 'Perempuan', '1963-06-30', 'Ponorogo', 'Islam', 'SD', 'Petani/Pekebun', 'Istri', 'Kawin', 'WNI', 'Boimin', 'Simpen', '3502117006630139', 'K021d3RVjWGnR2tD', 'jfeed001jddSWc', 'anggota_kk');
INSERT INTO `tb_anggota` (`id_anggota`, `nama`, `no_hp_anggota`, `jenis_kelamin`, `tgl_lahir`, `tempat_lahir`, `agama`, `pendidikan`, `pekerjaan`, `hubungan`, `perkawinan`, `kewarganegaraan`, `nama_ayah`, `nama_ibu`, `nik`, `id_kk`, `id_rt`, `level`) VALUES ('A041RPJh7L3pMC0o', 'Suyanto', '', 'Laki-laki', '1985-07-10', 'Ponorogo', 'Islam', 'SMA', 'Karyawan Swasta', 'Anak', 'Belum Kawin', 'WNI', '', '', '3502111007850003', 'K021d3RVjWGnR2tD', 'jfeed001jddSWc', 'anggota_kk');
INSERT INTO `tb_anggota` (`id_anggota`, `nama`, `no_hp_anggota`, `jenis_kelamin`, `tgl_lahir`, `tempat_lahir`, `agama`, `pendidikan`, `pekerjaan`, `hubungan`, `perkawinan`, `kewarganegaraan`, `nama_ayah`, `nama_ibu`, `nik`, `id_kk`, `id_rt`, `level`) VALUES ('A042pJx2WGzDWBuy', 'Kayatin', '', 'Perempuan', '1975-12-11', 'Ponorogo', 'Islam', 'SMA', 'Petani/Pekebun', 'Kepala Keluarga', 'Cerai Mati', 'WNI', 'Miskan', 'Miatun', '350211512750004', 'K020ncfRRaAYaFGl', 'jfeed001jddSWc', 'anggota_kk');
INSERT INTO `tb_anggota` (`id_anggota`, `nama`, `no_hp_anggota`, `jenis_kelamin`, `tgl_lahir`, `tempat_lahir`, `agama`, `pendidikan`, `pekerjaan`, `hubungan`, `perkawinan`, `kewarganegaraan`, `nama_ayah`, `nama_ibu`, `nik`, `id_kk`, `id_rt`, `level`) VALUES ('A043xS8mnsMcPlx5', 'Faridah Amanina', '', 'Perempuan', '2000-11-13', 'Ponorogo', 'Islam', 'SMA', 'Pelajar/Mahasiswa', 'Anak', 'Belum Kawin', 'WNI', '', '', '3502115311000001', 'K020ncfRRaAYaFGl', 'jfeed001jddSWc', 'anggota_kk');
INSERT INTO `tb_anggota` (`id_anggota`, `nama`, `no_hp_anggota`, `jenis_kelamin`, `tgl_lahir`, `tempat_lahir`, `agama`, `pendidikan`, `pekerjaan`, `hubungan`, `perkawinan`, `kewarganegaraan`, `nama_ayah`, `nama_ibu`, `nik`, `id_kk`, `id_rt`, `level`) VALUES ('A044i64ogDVq6Bf4', 'drh. Trianto Nur Abdullah', '', 'Laki-laki', '1989-11-13', 'Ponorogo', 'Islam', 'S1', 'Wiraswasta', 'Kepala Keluarga', 'Kawin', 'WNI', 'Toimin', 'Supadmi', '3502111311890002', 'K019pSNj5PxK6Wlk', 'jfeed001jddSWc', 'anggota_kk');
INSERT INTO `tb_anggota` (`id_anggota`, `nama`, `no_hp_anggota`, `jenis_kelamin`, `tgl_lahir`, `tempat_lahir`, `agama`, `pendidikan`, `pekerjaan`, `hubungan`, `perkawinan`, `kewarganegaraan`, `nama_ayah`, `nama_ibu`, `nik`, `id_kk`, `id_rt`, `level`) VALUES ('A045a1s29i7SuZy7', 'Ulul Roisyatun Nisa\'', '', 'Perempuan', '1990-08-30', 'Ponorogo', 'Islam', 'SMA', 'Karyawan Swasta', 'Istri', 'Kawin', 'WNI', 'Munawir', 'Siti Mahmudah', '3502117008900002', 'K019pSNj5PxK6Wlk', 'jfeed001jddSWc', 'anggota_kk');
INSERT INTO `tb_anggota` (`id_anggota`, `nama`, `no_hp_anggota`, `jenis_kelamin`, `tgl_lahir`, `tempat_lahir`, `agama`, `pendidikan`, `pekerjaan`, `hubungan`, `perkawinan`, `kewarganegaraan`, `nama_ayah`, `nama_ibu`, `nik`, `id_kk`, `id_rt`, `level`) VALUES ('A046uJApRTDMFHhN', 'Imtiyaza Alkawakibi Abdullah', '', 'Laki-laki', '2017-08-18', 'Ponorogo', 'Islam', 'Tidak Sekolah', 'Belum/Tidak Bekerja', 'Anak', 'Belum Kawin', 'WNI', '', '', '3502111808170002', 'K019pSNj5PxK6Wlk', 'jfeed001jddSWc', 'anggota_kk');
INSERT INTO `tb_anggota` (`id_anggota`, `nama`, `no_hp_anggota`, `jenis_kelamin`, `tgl_lahir`, `tempat_lahir`, `agama`, `pendidikan`, `pekerjaan`, `hubungan`, `perkawinan`, `kewarganegaraan`, `nama_ayah`, `nama_ibu`, `nik`, `id_kk`, `id_rt`, `level`) VALUES ('A047iCII96wXdel8', 'Ghumaisya Alkawakibi Abdullah', '', 'Perempuan', '2018-12-08', 'Ponorogo', 'Islam', 'Tidak Sekolah', 'Belum/Tidak Bekerja', 'Anak', 'Belum Kawin', 'WNI', '', '', '000', 'K019pSNj5PxK6Wlk', 'jfeed001jddSWc', 'anggota_kk');
INSERT INTO `tb_anggota` (`id_anggota`, `nama`, `no_hp_anggota`, `jenis_kelamin`, `tgl_lahir`, `tempat_lahir`, `agama`, `pendidikan`, `pekerjaan`, `hubungan`, `perkawinan`, `kewarganegaraan`, `nama_ayah`, `nama_ibu`, `nik`, `id_kk`, `id_rt`, `level`) VALUES ('A048dO88iaham4ZC', 'Toimin', '', 'Laki-laki', '1944-04-04', 'Ponorogo', 'Islam', 'SMP', 'Pensiunan', 'Kepala Keluarga', 'Kawin', 'WNI', 'Saman', 'Sarinah', '3502110404440001', 'K018akXmYW8gg3tM', 'jfeed001jddSWc', 'anggota_kk');
INSERT INTO `tb_anggota` (`id_anggota`, `nama`, `no_hp_anggota`, `jenis_kelamin`, `tgl_lahir`, `tempat_lahir`, `agama`, `pendidikan`, `pekerjaan`, `hubungan`, `perkawinan`, `kewarganegaraan`, `nama_ayah`, `nama_ibu`, `nik`, `id_kk`, `id_rt`, `level`) VALUES ('A0493qwwHFOmD98V', 'Supadmi', '', 'Laki-laki', '1960-02-15', 'Ponorogo', 'Islam', 'SD', 'Wiraswasta', 'Istri', 'Kawin', 'WNI', 'Kusnen', 'Mariyam', '3502115502600001', 'K018akXmYW8gg3tM', 'jfeed001jddSWc', 'anggota_kk');
INSERT INTO `tb_anggota` (`id_anggota`, `nama`, `no_hp_anggota`, `jenis_kelamin`, `tgl_lahir`, `tempat_lahir`, `agama`, `pendidikan`, `pekerjaan`, `hubungan`, `perkawinan`, `kewarganegaraan`, `nama_ayah`, `nama_ibu`, `nik`, `id_kk`, `id_rt`, `level`) VALUES ('A050cpcvtYEOfkG1', 'Katini', '', 'Perempuan', '1958-06-11', 'Ponorogo', 'Islam', 'SD', 'Petani/Pekebun', 'Kepala Keluarga', 'Cerai Mati', 'WNI', 'Senen', 'Janem', '3502115106580003', 'K017xqguFmY5WwBP', 'jfeed001jddSWc', 'anggota_kk');
INSERT INTO `tb_anggota` (`id_anggota`, `nama`, `no_hp_anggota`, `jenis_kelamin`, `tgl_lahir`, `tempat_lahir`, `agama`, `pendidikan`, `pekerjaan`, `hubungan`, `perkawinan`, `kewarganegaraan`, `nama_ayah`, `nama_ibu`, `nik`, `id_kk`, `id_rt`, `level`) VALUES ('A051a2icMSzWpHxh', 'Mohammad Arifin', '', 'Laki-laki', '1986-07-05', 'Tanjab Timur', 'Islam', 'SD', 'Karyawan Swasta', 'Anak', 'Cerai Hidup', 'WNI', 'Kademo', 'Katini', '3502110507860003', 'K017xqguFmY5WwBP', 'jfeed001jddSWc', 'anggota_kk');
INSERT INTO `tb_anggota` (`id_anggota`, `nama`, `no_hp_anggota`, `jenis_kelamin`, `tgl_lahir`, `tempat_lahir`, `agama`, `pendidikan`, `pekerjaan`, `hubungan`, `perkawinan`, `kewarganegaraan`, `nama_ayah`, `nama_ibu`, `nik`, `id_kk`, `id_rt`, `level`) VALUES ('A052F3QxnI26Lf5c', 'Simpen', '', 'Perempuan', '1930-06-30', 'Ponorogo', 'Islam', 'Tidak Sekolah', 'Petani/Pekebun', 'Kepala Keluarga', 'Cerai Mati', 'WNI', 'Nasir', 'Klumpuk', '3502117006300244', 'K015Edz9adhZimjc', 'jfeed001jddSWc', 'anggota_kk');
INSERT INTO `tb_anggota` (`id_anggota`, `nama`, `no_hp_anggota`, `jenis_kelamin`, `tgl_lahir`, `tempat_lahir`, `agama`, `pendidikan`, `pekerjaan`, `hubungan`, `perkawinan`, `kewarganegaraan`, `nama_ayah`, `nama_ibu`, `nik`, `id_kk`, `id_rt`, `level`) VALUES ('A053vjAZMlUXtN7u', 'Joko Santoso', '', 'Laki-laki', '1981-03-14', 'Ponorogo', 'Islam', 'SMA', 'Karyawan Swasta', 'Kepala Keluarga', 'Kawin', 'WNI', 'Domo', 'Rukiati', '3502111403810002', 'K043q03lwrwQvQ4d', 'jfeed001jddSWc', 'anggota_kk');
INSERT INTO `tb_anggota` (`id_anggota`, `nama`, `no_hp_anggota`, `jenis_kelamin`, `tgl_lahir`, `tempat_lahir`, `agama`, `pendidikan`, `pekerjaan`, `hubungan`, `perkawinan`, `kewarganegaraan`, `nama_ayah`, `nama_ibu`, `nik`, `id_kk`, `id_rt`, `level`) VALUES ('A054lfC72PHg9ZKQ', 'Rokhayati', '', 'Perempuan', '1983-10-30', 'Ponorogo', 'Islam', 'SMA', 'Mengurus Rumah Tangga', 'Istri', 'Kawin', 'WNI', 'Suparni', 'Suparmi', '3519087010830003', 'K043q03lwrwQvQ4d', 'jfeed001jddSWc', 'anggota_kk');
INSERT INTO `tb_anggota` (`id_anggota`, `nama`, `no_hp_anggota`, `jenis_kelamin`, `tgl_lahir`, `tempat_lahir`, `agama`, `pendidikan`, `pekerjaan`, `hubungan`, `perkawinan`, `kewarganegaraan`, `nama_ayah`, `nama_ibu`, `nik`, `id_kk`, `id_rt`, `level`) VALUES ('A055JqIX05Gyzazj', 'Alfaiz Abidzar AtharIzqi', '', 'Laki-laki', '2021-05-14', 'Ponorogo', 'Islam', 'Tidak Sekolah', 'Belum/Tidak Bekerja', 'Anak', 'Belum Kawin', 'WNI', 'Joko Santoso', 'Rokhayati', '3502111405210001', 'K043q03lwrwQvQ4d', 'jfeed001jddSWc', 'anggota_kk');
INSERT INTO `tb_anggota` (`id_anggota`, `nama`, `no_hp_anggota`, `jenis_kelamin`, `tgl_lahir`, `tempat_lahir`, `agama`, `pendidikan`, `pekerjaan`, `hubungan`, `perkawinan`, `kewarganegaraan`, `nama_ayah`, `nama_ibu`, `nik`, `id_kk`, `id_rt`, `level`) VALUES ('A056jfJxLMGkulzo', 'Toekemi', '', 'Laki-laki', '1953-08-28', 'Ponorogo', 'Islam', 'SD', 'Petani/Pekebun', 'Kepala Keluarga', 'Kawin', 'WNI', 'Yahmin', 'Saminah', '3502112808530003', 'K0139RyJOAPgdWT3', 'jfeed001jddSWc', 'anggota_kk');
INSERT INTO `tb_anggota` (`id_anggota`, `nama`, `no_hp_anggota`, `jenis_kelamin`, `tgl_lahir`, `tempat_lahir`, `agama`, `pendidikan`, `pekerjaan`, `hubungan`, `perkawinan`, `kewarganegaraan`, `nama_ayah`, `nama_ibu`, `nik`, `id_kk`, `id_rt`, `level`) VALUES ('A05777Y8EEjkkbu9', 'Sumi Astutik', '', 'Laki-laki', '1959-05-15', 'Ponorogo', 'Islam', 'SMP', 'Wiraswasta', 'Istri', 'Kawin', 'WNI', 'Dahlan', 'Siti Kotimah', '3502115505590002', 'K0139RyJOAPgdWT3', 'jfeed001jddSWc', 'anggota_kk');
INSERT INTO `tb_anggota` (`id_anggota`, `nama`, `no_hp_anggota`, `jenis_kelamin`, `tgl_lahir`, `tempat_lahir`, `agama`, `pendidikan`, `pekerjaan`, `hubungan`, `perkawinan`, `kewarganegaraan`, `nama_ayah`, `nama_ibu`, `nik`, `id_kk`, `id_rt`, `level`) VALUES ('A059942tkPN8HtOJ', 'Katminah', '', 'Perempuan', '1958-01-01', 'Ponorogo', 'Islam', 'SD', 'Petani/Pekebun', 'Kepala Keluarga', 'Kawin', 'WNI', 'Wadi', 'Katiyem', '3502114101580002', 'K006gUBXiLTI9bOs', 'jfeed001jddSWc', 'anggota_kk');
INSERT INTO `tb_anggota` (`id_anggota`, `nama`, `no_hp_anggota`, `jenis_kelamin`, `tgl_lahir`, `tempat_lahir`, `agama`, `pendidikan`, `pekerjaan`, `hubungan`, `perkawinan`, `kewarganegaraan`, `nama_ayah`, `nama_ibu`, `nik`, `id_kk`, `id_rt`, `level`) VALUES ('A060YEvLBOmerw9y', 'Katimah', '', 'Perempuan', '1934-10-01', 'Ponorogo', 'Islam', 'SD', 'Wiraswasta', 'Kepala Keluarga', 'Cerai Mati', 'WNI', 'Dja\'far', 'Mesinem', '3502114110340001', 'K045mFmE7qMpgdUx', 'jfeed001jddSWc', 'anggota_kk');
INSERT INTO `tb_anggota` (`id_anggota`, `nama`, `no_hp_anggota`, `jenis_kelamin`, `tgl_lahir`, `tempat_lahir`, `agama`, `pendidikan`, `pekerjaan`, `hubungan`, `perkawinan`, `kewarganegaraan`, `nama_ayah`, `nama_ibu`, `nik`, `id_kk`, `id_rt`, `level`) VALUES ('A061iLnSxtMWkULQ', 'Bambang Sihwiyana', '', 'Laki-laki', '1968-04-30', 'Ponorogo', 'Islam', 'S1', 'Dokter', 'Kepala Keluarga', 'Belum Kawin', 'WNI', '', '', '3502113004680001', 'K0463GX0g0tloMV6', 'jfeed001jddSWc', 'anggota_kk');
INSERT INTO `tb_anggota` (`id_anggota`, `nama`, `no_hp_anggota`, `jenis_kelamin`, `tgl_lahir`, `tempat_lahir`, `agama`, `pendidikan`, `pekerjaan`, `hubungan`, `perkawinan`, `kewarganegaraan`, `nama_ayah`, `nama_ibu`, `nik`, `id_kk`, `id_rt`, `level`) VALUES ('A062TgdOKBXjyIpg', 'Rikky Ady Prasetyo Hidayatulloh Hadi mujiatmoko', '', 'Laki-laki', '1995-02-16', 'Ponorogo ', 'Islam', 'SMA', 'Karyawan Swasta', 'Kepala Keluarga', 'Kawin', 'WNI', '', '', '3502071602950003', 'K042ksAURyqAYxhH', 'jfeed001jddSWc', 'anggota_kk');
INSERT INTO `tb_anggota` (`id_anggota`, `nama`, `no_hp_anggota`, `jenis_kelamin`, `tgl_lahir`, `tempat_lahir`, `agama`, `pendidikan`, `pekerjaan`, `hubungan`, `perkawinan`, `kewarganegaraan`, `nama_ayah`, `nama_ibu`, `nik`, `id_kk`, `id_rt`, `level`) VALUES ('A063YtIXy1xdvuoW', 'Ratna Dwi Suryanti ', '', 'Perempuan', '1996-05-25', 'Ponorogo ', 'Islam', 'SMA', 'Mengurus Rumah Tangga', 'Istri', 'Kawin', 'WNI', '', '', '3502116505960003', 'K042ksAURyqAYxhH', 'jfeed001jddSWc', 'anggota_kk');
INSERT INTO `tb_anggota` (`id_anggota`, `nama`, `no_hp_anggota`, `jenis_kelamin`, `tgl_lahir`, `tempat_lahir`, `agama`, `pendidikan`, `pekerjaan`, `hubungan`, `perkawinan`, `kewarganegaraan`, `nama_ayah`, `nama_ibu`, `nik`, `id_kk`, `id_rt`, `level`) VALUES ('A064tHGhQbU4cpVR', 'Caira Khanza Qalesya ', '', 'Perempuan', '2021-07-11', 'Ponorogo ', 'Islam', 'Tidak Sekolah', 'Belum/Tidak Bekerja', 'Anak', 'Belum Kawin', 'WNI', '', '', '3502115107210001', 'K042ksAURyqAYxhH', 'jfeed001jddSWc', 'anggota_kk');
INSERT INTO `tb_anggota` (`id_anggota`, `nama`, `no_hp_anggota`, `jenis_kelamin`, `tgl_lahir`, `tempat_lahir`, `agama`, `pendidikan`, `pekerjaan`, `hubungan`, `perkawinan`, `kewarganegaraan`, `nama_ayah`, `nama_ibu`, `nik`, `id_kk`, `id_rt`, `level`) VALUES ('A065xy6mLWWWEiSv', 'Sinem', '', 'Perempuan', '1954-06-30', 'Ponorogo ', 'Islam', 'SD', 'Petani/Pekebun', 'Kepala Keluarga', 'Cerai Mati', 'WNI', '', '', '3502117006540112', 'K041kJdp27DRbSKX', 'jfeed001jddSWc', 'anggota_kk');
INSERT INTO `tb_anggota` (`id_anggota`, `nama`, `no_hp_anggota`, `jenis_kelamin`, `tgl_lahir`, `tempat_lahir`, `agama`, `pendidikan`, `pekerjaan`, `hubungan`, `perkawinan`, `kewarganegaraan`, `nama_ayah`, `nama_ibu`, `nik`, `id_kk`, `id_rt`, `level`) VALUES ('A0665ZrsnauElT5l', 'Boyadi', '', 'Laki-laki', '1962-07-01', 'Ponorogo ', 'Islam', 'SMA', 'Karyawan Swasta', 'Kepala Keluarga', 'Cerai Hidup', 'WNI', '', '', '3502110107620001', 'K040thSVuKjOFU8a', 'jfeed001jddSWc', 'anggota_kk');
INSERT INTO `tb_anggota` (`id_anggota`, `nama`, `no_hp_anggota`, `jenis_kelamin`, `tgl_lahir`, `tempat_lahir`, `agama`, `pendidikan`, `pekerjaan`, `hubungan`, `perkawinan`, `kewarganegaraan`, `nama_ayah`, `nama_ibu`, `nik`, `id_kk`, `id_rt`, `level`) VALUES ('A067WtvF09NmdmK1', 'Nugrahani ayu lestari ', '', 'Perempuan', '1995-05-02', 'Ponorogo ', 'Islam', 'SMA', 'Karyawan Swasta', 'Anak', 'Belum Kawin', 'WNI', '', '', '3502114205950001', 'K040thSVuKjOFU8a', 'jfeed001jddSWc', 'anggota_kk');
INSERT INTO `tb_anggota` (`id_anggota`, `nama`, `no_hp_anggota`, `jenis_kelamin`, `tgl_lahir`, `tempat_lahir`, `agama`, `pendidikan`, `pekerjaan`, `hubungan`, `perkawinan`, `kewarganegaraan`, `nama_ayah`, `nama_ibu`, `nik`, `id_kk`, `id_rt`, `level`) VALUES ('A068hbqK9TWXNKcO', 'Sultan Taqiyyuddin Mubarok ', '', 'Laki-laki', '2007-06-20', 'Ponorogo ', 'Islam', 'SD', 'Pelajar/Mahasiswa', 'Anak', 'Belum Kawin', 'WNI', '', '', '3502112006070002', 'K040thSVuKjOFU8a', 'jfeed001jddSWc', 'anggota_kk');
INSERT INTO `tb_anggota` (`id_anggota`, `nama`, `no_hp_anggota`, `jenis_kelamin`, `tgl_lahir`, `tempat_lahir`, `agama`, `pendidikan`, `pekerjaan`, `hubungan`, `perkawinan`, `kewarganegaraan`, `nama_ayah`, `nama_ibu`, `nik`, `id_kk`, `id_rt`, `level`) VALUES ('A069L6X6lBUZWiQu', 'Djemitun ', '', 'Perempuan', '1949-06-30', 'Ponorogo ', 'Islam', 'SD', 'Petani/Pekebun', 'Kepala Keluarga', 'Cerai Mati', 'WNI', '', '', '3502117006490092', 'K038Gdpt47szDYCi', 'jfeed001jddSWc', 'anggota_kk');
INSERT INTO `tb_anggota` (`id_anggota`, `nama`, `no_hp_anggota`, `jenis_kelamin`, `tgl_lahir`, `tempat_lahir`, `agama`, `pendidikan`, `pekerjaan`, `hubungan`, `perkawinan`, `kewarganegaraan`, `nama_ayah`, `nama_ibu`, `nik`, `id_kk`, `id_rt`, `level`) VALUES ('A070Ff4wxeIPPzgb', 'Khotimah', '', 'Perempuan', '1975-04-11', 'Ponorogo ', 'Islam', 'SD', 'Karyawan Swasta', 'Kepala Keluarga', 'Cerai Hidup', 'WNI', '', '', '3502115104750004', 'K037vFPNnVWmtG9Q', 'jfeed001jddSWc', 'anggota_kk');
INSERT INTO `tb_anggota` (`id_anggota`, `nama`, `no_hp_anggota`, `jenis_kelamin`, `tgl_lahir`, `tempat_lahir`, `agama`, `pendidikan`, `pekerjaan`, `hubungan`, `perkawinan`, `kewarganegaraan`, `nama_ayah`, `nama_ibu`, `nik`, `id_kk`, `id_rt`, `level`) VALUES ('A071mewHh9Rjb7UX', 'Oktaviya putri Kurnia sari', '', 'Perempuan', '1994-10-13', 'Tulungagung ', 'Islam', 'S1', 'Karyawan Swasta', 'Anak', 'Belum Kawin', 'WNI', '', '', '3502115310940006', 'K037vFPNnVWmtG9Q', 'jfeed001jddSWc', 'anggota_kk');
INSERT INTO `tb_anggota` (`id_anggota`, `nama`, `no_hp_anggota`, `jenis_kelamin`, `tgl_lahir`, `tempat_lahir`, `agama`, `pendidikan`, `pekerjaan`, `hubungan`, `perkawinan`, `kewarganegaraan`, `nama_ayah`, `nama_ibu`, `nik`, `id_kk`, `id_rt`, `level`) VALUES ('A0722DVDPYQdRfDJ', 'Winda Liya kharima ', '', 'Perempuan', '2000-08-29', 'Tulungagung ', 'Islam', 'SMA', 'Karyawan Swasta', 'Anak', 'Belum Kawin', 'WNI', '', '', '3502116908000002', 'K037vFPNnVWmtG9Q', 'jfeed001jddSWc', 'anggota_kk');
INSERT INTO `tb_anggota` (`id_anggota`, `nama`, `no_hp_anggota`, `jenis_kelamin`, `tgl_lahir`, `tempat_lahir`, `agama`, `pendidikan`, `pekerjaan`, `hubungan`, `perkawinan`, `kewarganegaraan`, `nama_ayah`, `nama_ibu`, `nik`, `id_kk`, `id_rt`, `level`) VALUES ('A073VxAOgIxUfazS', 'Mulyono', '', 'Laki-laki', '1948-06-30', 'Ponorogo ', 'Islam', 'SD', 'Petani/Pekebun', 'Kepala Keluarga', 'Kawin', 'WNI', '', '', '3502113006480119', 'K036OZYkDkZPk28r', 'jfeed001jddSWc', 'anggota_kk');
INSERT INTO `tb_anggota` (`id_anggota`, `nama`, `no_hp_anggota`, `jenis_kelamin`, `tgl_lahir`, `tempat_lahir`, `agama`, `pendidikan`, `pekerjaan`, `hubungan`, `perkawinan`, `kewarganegaraan`, `nama_ayah`, `nama_ibu`, `nik`, `id_kk`, `id_rt`, `level`) VALUES ('A074Ik2RE7FteC7l', 'Paniyem', '', 'Perempuan', '1958-04-30', 'Ponorogo ', 'Islam', 'SD', 'Petani/Pekebun', 'Istri', 'Kawin', 'WNI', '', '', '350211700458002', 'K036OZYkDkZPk28r', 'jfeed001jddSWc', 'anggota_kk');
INSERT INTO `tb_anggota` (`id_anggota`, `nama`, `no_hp_anggota`, `jenis_kelamin`, `tgl_lahir`, `tempat_lahir`, `agama`, `pendidikan`, `pekerjaan`, `hubungan`, `perkawinan`, `kewarganegaraan`, `nama_ayah`, `nama_ibu`, `nik`, `id_kk`, `id_rt`, `level`) VALUES ('A075D9FhjZrEvlqx', 'Sumeri', '', 'Laki-laki', '1970-10-10', 'Boyolali ', 'Islam', 'SD', 'Wiraswasta', 'Kepala Keluarga', 'Kawin', 'WNI', '', '', '3502111010700008', 'K035SZeO4gxtcsJ9', 'jfeed001jddSWc', 'anggota_kk');
INSERT INTO `tb_anggota` (`id_anggota`, `nama`, `no_hp_anggota`, `jenis_kelamin`, `tgl_lahir`, `tempat_lahir`, `agama`, `pendidikan`, `pekerjaan`, `hubungan`, `perkawinan`, `kewarganegaraan`, `nama_ayah`, `nama_ibu`, `nik`, `id_kk`, `id_rt`, `level`) VALUES ('A076ClGjFR8uBxKD', 'Suparmi', '', 'Perempuan', '1971-05-06', 'Ponorogo ', 'Islam', 'SMP', 'Wiraswasta', 'Istri', 'Kawin', 'WNI', '', '', '3502114605710002', 'K035SZeO4gxtcsJ9', 'jfeed001jddSWc', 'anggota_kk');
INSERT INTO `tb_anggota` (`id_anggota`, `nama`, `no_hp_anggota`, `jenis_kelamin`, `tgl_lahir`, `tempat_lahir`, `agama`, `pendidikan`, `pekerjaan`, `hubungan`, `perkawinan`, `kewarganegaraan`, `nama_ayah`, `nama_ibu`, `nik`, `id_kk`, `id_rt`, `level`) VALUES ('A077pdawGRvNRWXx', 'Bandi', '', 'Laki-laki', '1964-06-30', 'Ponorogo ', 'Islam', 'SD', 'Petani/Pekebun', 'Kepala Keluarga', 'Kawin', 'WNI', '', '', '3502113006640062', 'K034fbRFqSk97LaA', 'jfeed001jddSWc', 'anggota_kk');
INSERT INTO `tb_anggota` (`id_anggota`, `nama`, `no_hp_anggota`, `jenis_kelamin`, `tgl_lahir`, `tempat_lahir`, `agama`, `pendidikan`, `pekerjaan`, `hubungan`, `perkawinan`, `kewarganegaraan`, `nama_ayah`, `nama_ibu`, `nik`, `id_kk`, `id_rt`, `level`) VALUES ('A078KTnq55l7pUoc', 'Tumini', '', 'Perempuan', '1968-07-20', 'Ponorogo ', 'Islam', 'SD', 'Petani/Pekebun', 'Istri', 'Kawin', 'WNI', '', '', '3502116007680002', 'K034fbRFqSk97LaA', 'jfeed001jddSWc', 'anggota_kk');
INSERT INTO `tb_anggota` (`id_anggota`, `nama`, `no_hp_anggota`, `jenis_kelamin`, `tgl_lahir`, `tempat_lahir`, `agama`, `pendidikan`, `pekerjaan`, `hubungan`, `perkawinan`, `kewarganegaraan`, `nama_ayah`, `nama_ibu`, `nik`, `id_kk`, `id_rt`, `level`) VALUES ('A079m1gMEk2lttQH', 'Putra al-hafidz', '', 'Laki-laki', '2003-03-21', 'Ponorogo ', 'Islam', 'SMA', 'Wiraswasta', 'Anak', 'Belum Kawin', 'WNI', '', '', '3502112003030001', 'K034fbRFqSk97LaA', 'jfeed001jddSWc', 'anggota_kk');
INSERT INTO `tb_anggota` (`id_anggota`, `nama`, `no_hp_anggota`, `jenis_kelamin`, `tgl_lahir`, `tempat_lahir`, `agama`, `pendidikan`, `pekerjaan`, `hubungan`, `perkawinan`, `kewarganegaraan`, `nama_ayah`, `nama_ibu`, `nik`, `id_kk`, `id_rt`, `level`) VALUES ('A080LhCGnVwtvZbO', 'Djaimun', '', 'Laki-laki', '1948-06-30', 'Ponorogo ', 'Islam', 'SD', 'Petani/Pekebun', 'Kepala Keluarga', 'Kawin', 'WNI', '', '', '3502113006480126', 'K033Nr2Lsy7G3yB8', 'jfeed001jddSWc', 'anggota_kk');
INSERT INTO `tb_anggota` (`id_anggota`, `nama`, `no_hp_anggota`, `jenis_kelamin`, `tgl_lahir`, `tempat_lahir`, `agama`, `pendidikan`, `pekerjaan`, `hubungan`, `perkawinan`, `kewarganegaraan`, `nama_ayah`, `nama_ibu`, `nik`, `id_kk`, `id_rt`, `level`) VALUES ('A0811rBZBMq5ms6q', 'Katening', '', 'Perempuan', '1956-06-30', 'Ponorogo ', 'Islam', 'SMP', 'Petani/Pekebun', 'Istri', 'Kawin', 'WNI', '', '', '3502117006560109', 'K033Nr2Lsy7G3yB8', 'jfeed001jddSWc', 'anggota_kk');
INSERT INTO `tb_anggota` (`id_anggota`, `nama`, `no_hp_anggota`, `jenis_kelamin`, `tgl_lahir`, `tempat_lahir`, `agama`, `pendidikan`, `pekerjaan`, `hubungan`, `perkawinan`, `kewarganegaraan`, `nama_ayah`, `nama_ibu`, `nik`, `id_kk`, `id_rt`, `level`) VALUES ('A082WZ2uvXq4xlOi', 'Sanem', '', 'Perempuan', '1950-06-30', 'Ponorogo ', 'Islam', 'SMP', 'Mengurus Rumah Tangga', 'Kepala Keluarga', 'Cerai Mati', 'WNI', '', '', '3502117006500199', 'K0271U5oYnhUAsEe', 'jfeed001jddSWc', 'anggota_kk');
INSERT INTO `tb_anggota` (`id_anggota`, `nama`, `no_hp_anggota`, `jenis_kelamin`, `tgl_lahir`, `tempat_lahir`, `agama`, `pendidikan`, `pekerjaan`, `hubungan`, `perkawinan`, `kewarganegaraan`, `nama_ayah`, `nama_ibu`, `nik`, `id_kk`, `id_rt`, `level`) VALUES ('A083ur2SrySXyvyq', 'Rukiati', '', 'Perempuan', '1952-11-06', 'Ponorogo ', 'Islam', 'SD', 'Petani/Pekebun', 'Kepala Keluarga', 'Cerai Mati', 'WNI', '', '', '3502114611520001', 'K008dUIAZdcevUWL', 'jfeed001jddSWc', 'anggota_kk');
INSERT INTO `tb_anggota` (`id_anggota`, `nama`, `no_hp_anggota`, `jenis_kelamin`, `tgl_lahir`, `tempat_lahir`, `agama`, `pendidikan`, `pekerjaan`, `hubungan`, `perkawinan`, `kewarganegaraan`, `nama_ayah`, `nama_ibu`, `nik`, `id_kk`, `id_rt`, `level`) VALUES ('A08494kuPGv5Z52x', 'Daman', '', 'Laki-laki', '1951-06-30', 'Ponorogo ', 'Islam', 'SD', 'Petani/Pekebun', 'Kepala Keluarga', 'Kawin', 'WNI', '', '', '3502113006510137', 'K005RXmpF9ZtSCWB', 'jfeed001jddSWc', 'anggota_kk');
INSERT INTO `tb_anggota` (`id_anggota`, `nama`, `no_hp_anggota`, `jenis_kelamin`, `tgl_lahir`, `tempat_lahir`, `agama`, `pendidikan`, `pekerjaan`, `hubungan`, `perkawinan`, `kewarganegaraan`, `nama_ayah`, `nama_ibu`, `nik`, `id_kk`, `id_rt`, `level`) VALUES ('A0852Pq74Rv9olaR', 'Katijem', '', 'Perempuan', '1958-08-28', 'Ponorogo ', 'Islam', 'SD', 'Petani/Pekebun', 'Istri', 'Kawin', 'WNI', '', '', '3502116808580001', 'K005RXmpF9ZtSCWB', 'jfeed001jddSWc', 'anggota_kk');
INSERT INTO `tb_anggota` (`id_anggota`, `nama`, `no_hp_anggota`, `jenis_kelamin`, `tgl_lahir`, `tempat_lahir`, `agama`, `pendidikan`, `pekerjaan`, `hubungan`, `perkawinan`, `kewarganegaraan`, `nama_ayah`, `nama_ibu`, `nik`, `id_kk`, `id_rt`, `level`) VALUES ('A086HjvvEi6EsCh1', 'Mashud Isma mahardika', '', 'Laki-laki', '1983-08-17', 'Ponorogo ', 'Islam', 'D4', 'Guru', 'Kepala Keluarga', 'Kawin', 'WNI', '', '', '3502111708830004', 'K031T0yHeXCTUYlp', 'jfeed001jddSWc', 'anggota_kk');
INSERT INTO `tb_anggota` (`id_anggota`, `nama`, `no_hp_anggota`, `jenis_kelamin`, `tgl_lahir`, `tempat_lahir`, `agama`, `pendidikan`, `pekerjaan`, `hubungan`, `perkawinan`, `kewarganegaraan`, `nama_ayah`, `nama_ibu`, `nik`, `id_kk`, `id_rt`, `level`) VALUES ('A087BQzoz6zZemYL', 'Indah Sri Wulandari ', '', 'Perempuan', '1992-08-17', 'Kediri ', 'Islam', 'D4', 'Mengurus Rumah Tangga', 'Istri', 'Kawin', 'WNI', '', '', '3506025708920003', 'K031T0yHeXCTUYlp', 'jfeed001jddSWc', 'anggota_kk');
INSERT INTO `tb_anggota` (`id_anggota`, `nama`, `no_hp_anggota`, `jenis_kelamin`, `tgl_lahir`, `tempat_lahir`, `agama`, `pendidikan`, `pekerjaan`, `hubungan`, `perkawinan`, `kewarganegaraan`, `nama_ayah`, `nama_ibu`, `nik`, `id_kk`, `id_rt`, `level`) VALUES ('A0888E73BjBCUrTt', 'Zain An-nuur hardika', '', 'Laki-laki', '2015-01-11', 'Ponorogo ', 'Islam', 'Tidak Sekolah', 'Belum/Tidak Bekerja', 'Anak', 'Belum Kawin', 'WNI', '', '', '3502111101150003', 'K031T0yHeXCTUYlp', 'jfeed001jddSWc', 'anggota_kk');
INSERT INTO `tb_anggota` (`id_anggota`, `nama`, `no_hp_anggota`, `jenis_kelamin`, `tgl_lahir`, `tempat_lahir`, `agama`, `pendidikan`, `pekerjaan`, `hubungan`, `perkawinan`, `kewarganegaraan`, `nama_ayah`, `nama_ibu`, `nik`, `id_kk`, `id_rt`, `level`) VALUES ('A089xeMXRRTcYtDa', 'Zavier arsyanendra hardika', '', 'Laki-laki', '2020-04-03', 'Ponorogo ', 'Islam', 'Tidak Sekolah', 'Belum/Tidak Bekerja', 'Anak', 'Belum Kawin', 'WNI', '', '', '3502110304200002', 'K031T0yHeXCTUYlp', 'jfeed001jddSWc', 'anggota_kk');
INSERT INTO `tb_anggota` (`id_anggota`, `nama`, `no_hp_anggota`, `jenis_kelamin`, `tgl_lahir`, `tempat_lahir`, `agama`, `pendidikan`, `pekerjaan`, `hubungan`, `perkawinan`, `kewarganegaraan`, `nama_ayah`, `nama_ibu`, `nik`, `id_kk`, `id_rt`, `level`) VALUES ('A090jFLXJq5K6VYq', 'Solikin', '', 'Laki-laki', '1970-03-10', 'Ponorogo ', 'Islam', 'SD', 'Wiraswasta', 'Kepala Keluarga', 'Kawin', 'WNI', '', '', '3502111003700001', 'K024FakApdSIjgQr', 'jfeed001jddSWc', 'anggota_kk');
INSERT INTO `tb_anggota` (`id_anggota`, `nama`, `no_hp_anggota`, `jenis_kelamin`, `tgl_lahir`, `tempat_lahir`, `agama`, `pendidikan`, `pekerjaan`, `hubungan`, `perkawinan`, `kewarganegaraan`, `nama_ayah`, `nama_ibu`, `nik`, `id_kk`, `id_rt`, `level`) VALUES ('A0911ltBEnx0lvhw', 'Mukadasah', '', 'Perempuan', '1981-09-15', 'Ponorogo ', 'Islam', 'SMP', 'Karyawan Swasta', 'Istri', 'Kawin', 'WNI', '', '', '3502125509810001', 'K024FakApdSIjgQr', 'jfeed001jddSWc', 'anggota_kk');
INSERT INTO `tb_anggota` (`id_anggota`, `nama`, `no_hp_anggota`, `jenis_kelamin`, `tgl_lahir`, `tempat_lahir`, `agama`, `pendidikan`, `pekerjaan`, `hubungan`, `perkawinan`, `kewarganegaraan`, `nama_ayah`, `nama_ibu`, `nik`, `id_kk`, `id_rt`, `level`) VALUES ('A0921Wn6ZPpsf3TS', 'Tuminah', '', 'Perempuan', '1942-06-30', 'Ponorogo ', 'Islam', 'SD', 'Petani/Pekebun', 'Lainnya', 'Cerai Mati', 'WNI', '', '', '3502117006420182', 'K024FakApdSIjgQr', 'jfeed001jddSWc', 'anggota_kk');
INSERT INTO `tb_anggota` (`id_anggota`, `nama`, `no_hp_anggota`, `jenis_kelamin`, `tgl_lahir`, `tempat_lahir`, `agama`, `pendidikan`, `pekerjaan`, `hubungan`, `perkawinan`, `kewarganegaraan`, `nama_ayah`, `nama_ibu`, `nik`, `id_kk`, `id_rt`, `level`) VALUES ('A093dwezJnzzj78k', 'Sucipto', '', 'Laki-laki', '1961-04-17', 'Ponorogo ', 'Islam', 'SMA', 'Wiraswasta', 'Kepala Keluarga', 'Kawin', 'WNI', '', '', '3502111704610001', 'K025IRLC17kGYj1M', 'jfeed001jddSWc', 'anggota_kk');
INSERT INTO `tb_anggota` (`id_anggota`, `nama`, `no_hp_anggota`, `jenis_kelamin`, `tgl_lahir`, `tempat_lahir`, `agama`, `pendidikan`, `pekerjaan`, `hubungan`, `perkawinan`, `kewarganegaraan`, `nama_ayah`, `nama_ibu`, `nik`, `id_kk`, `id_rt`, `level`) VALUES ('A094GwQ0Y6bZSGtN', 'Murtini', '', 'Perempuan', '1968-12-01', 'Ponorogo ', 'Islam', 'SMA', 'Wiraswasta', 'Istri', 'Kawin', 'WNI', '', '', '3502114112680001', 'K025IRLC17kGYj1M', 'jfeed001jddSWc', 'anggota_kk');
INSERT INTO `tb_anggota` (`id_anggota`, `nama`, `no_hp_anggota`, `jenis_kelamin`, `tgl_lahir`, `tempat_lahir`, `agama`, `pendidikan`, `pekerjaan`, `hubungan`, `perkawinan`, `kewarganegaraan`, `nama_ayah`, `nama_ibu`, `nik`, `id_kk`, `id_rt`, `level`) VALUES ('A095hR32ne30BDCd', 'Wahyuda primada shakti', '', 'Laki-laki', '2003-07-06', 'Ponorogo ', 'Islam', 'SMA', 'Belum/Tidak Bekerja', 'Anak', 'Belum Kawin', 'WNI', '', '', '3502110607030001', 'K025IRLC17kGYj1M', 'jfeed001jddSWc', 'anggota_kk');
INSERT INTO `tb_anggota` (`id_anggota`, `nama`, `no_hp_anggota`, `jenis_kelamin`, `tgl_lahir`, `tempat_lahir`, `agama`, `pendidikan`, `pekerjaan`, `hubungan`, `perkawinan`, `kewarganegaraan`, `nama_ayah`, `nama_ibu`, `nik`, `id_kk`, `id_rt`, `level`) VALUES ('A09634lyib3zLx1n', 'Tukiri ', '', 'Laki-laki', '1965-11-14', 'Ponorogo ', 'Islam', 'SD', 'Karyawan Swasta', 'Kepala Keluarga', 'Kawin', 'WNI', '', '', '3502111411650001', 'K0070qNMsxZMFg01', 'jfeed001jddSWc', 'anggota_kk');
INSERT INTO `tb_anggota` (`id_anggota`, `nama`, `no_hp_anggota`, `jenis_kelamin`, `tgl_lahir`, `tempat_lahir`, `agama`, `pendidikan`, `pekerjaan`, `hubungan`, `perkawinan`, `kewarganegaraan`, `nama_ayah`, `nama_ibu`, `nik`, `id_kk`, `id_rt`, `level`) VALUES ('A097keQjC06Y7SfU', 'Paini', '', 'Perempuan', '1973-07-14', 'Ponorogo ', 'Islam', 'SMA', 'Mengurus Rumah Tangga', 'Istri', 'Kawin', 'WNI', '', '', '3502115407730004', 'K0070qNMsxZMFg01', 'jfeed001jddSWc', 'anggota_kk');
INSERT INTO `tb_anggota` (`id_anggota`, `nama`, `no_hp_anggota`, `jenis_kelamin`, `tgl_lahir`, `tempat_lahir`, `agama`, `pendidikan`, `pekerjaan`, `hubungan`, `perkawinan`, `kewarganegaraan`, `nama_ayah`, `nama_ibu`, `nik`, `id_kk`, `id_rt`, `level`) VALUES ('A098AMeASAbyMiMb', 'Raya Okta riasari ', '', 'Perempuan', '2007-10-13', 'Ponorogo ', 'Islam', 'SMP', 'Pelajar/Mahasiswa', 'Anak', 'Belum Kawin', 'WNI', '', '', '3502115310070001', 'K0070qNMsxZMFg01', 'jfeed001jddSWc', 'anggota_kk');
INSERT INTO `tb_anggota` (`id_anggota`, `nama`, `no_hp_anggota`, `jenis_kelamin`, `tgl_lahir`, `tempat_lahir`, `agama`, `pendidikan`, `pekerjaan`, `hubungan`, `perkawinan`, `kewarganegaraan`, `nama_ayah`, `nama_ibu`, `nik`, `id_kk`, `id_rt`, `level`) VALUES ('A09956dUTqqoq2OO', 'Heri komarudin', '', 'Laki-laki', '1984-01-03', 'Ponorogo ', 'Islam', 'SMA', 'Wiraswasta', 'Kepala Keluarga', 'Kawin', 'WNI', '', '', '3502110301840003', 'K0117Y95lrIElKw6', 'jfeed001jddSWc', 'anggota_kk');
INSERT INTO `tb_anggota` (`id_anggota`, `nama`, `no_hp_anggota`, `jenis_kelamin`, `tgl_lahir`, `tempat_lahir`, `agama`, `pendidikan`, `pekerjaan`, `hubungan`, `perkawinan`, `kewarganegaraan`, `nama_ayah`, `nama_ibu`, `nik`, `id_kk`, `id_rt`, `level`) VALUES ('A100CbkyKmLDUW0L', 'Ida rosanti', '', 'Perempuan', '1989-09-25', 'Ponorogo ', 'Islam', 'D4', 'Wiraswasta', 'Istri', 'Kawin', 'WNI', '', '', '3502126509890001', 'K0117Y95lrIElKw6', 'jfeed001jddSWc', 'anggota_kk');
INSERT INTO `tb_anggota` (`id_anggota`, `nama`, `no_hp_anggota`, `jenis_kelamin`, `tgl_lahir`, `tempat_lahir`, `agama`, `pendidikan`, `pekerjaan`, `hubungan`, `perkawinan`, `kewarganegaraan`, `nama_ayah`, `nama_ibu`, `nik`, `id_kk`, `id_rt`, `level`) VALUES ('A101EQKWpxeFV6Gj', 'Atharrazka Pradipta ', '', 'Laki-laki', '2021-07-20', 'Ponorogo ', 'Islam', 'Tidak Sekolah', 'Belum/Tidak Bekerja', 'Anak', 'Belum Kawin', 'WNI', '', '', '3502112007210002', 'K0117Y95lrIElKw6', 'jfeed001jddSWc', 'anggota_kk');
INSERT INTO `tb_anggota` (`id_anggota`, `nama`, `no_hp_anggota`, `jenis_kelamin`, `tgl_lahir`, `tempat_lahir`, `agama`, `pendidikan`, `pekerjaan`, `hubungan`, `perkawinan`, `kewarganegaraan`, `nama_ayah`, `nama_ibu`, `nik`, `id_kk`, `id_rt`, `level`) VALUES ('A102LFKvQc0iJNWS', 'Untung Kurniawan ', '', 'Laki-laki', '1990-06-19', 'Ponorogo ', 'Islam', 'SD', 'Petani/Pekebun', 'Kepala Keluarga', 'Kawin', 'WNI', '', '', '3502011906900002', 'K010FPZUB5cisHwQ', 'jfeed001jddSWc', 'anggota_kk');
INSERT INTO `tb_anggota` (`id_anggota`, `nama`, `no_hp_anggota`, `jenis_kelamin`, `tgl_lahir`, `tempat_lahir`, `agama`, `pendidikan`, `pekerjaan`, `hubungan`, `perkawinan`, `kewarganegaraan`, `nama_ayah`, `nama_ibu`, `nik`, `id_kk`, `id_rt`, `level`) VALUES ('A103cIVe5JPpSgZu', 'Susi Handayani', '', 'Perempuan', '1992-04-23', 'Ponorogo ', 'Islam', 'SMP', 'Petani/Pekebun', 'Istri', 'Kawin', 'WNI', '', '', '3502116304920001', 'K010FPZUB5cisHwQ', 'jfeed001jddSWc', 'anggota_kk');
INSERT INTO `tb_anggota` (`id_anggota`, `nama`, `no_hp_anggota`, `jenis_kelamin`, `tgl_lahir`, `tempat_lahir`, `agama`, `pendidikan`, `pekerjaan`, `hubungan`, `perkawinan`, `kewarganegaraan`, `nama_ayah`, `nama_ibu`, `nik`, `id_kk`, `id_rt`, `level`) VALUES ('A104PaYTi4KSw0JO', 'Izza hilyah Nafisah ', '', 'Perempuan', '2021-07-03', 'Ponorogo ', 'Islam', 'Tidak Sekolah', 'Belum/Tidak Bekerja', 'Anak', 'Belum Kawin', 'WNI', '', '', '3502114307210001', 'K010FPZUB5cisHwQ', 'jfeed001jddSWc', 'anggota_kk');
INSERT INTO `tb_anggota` (`id_anggota`, `nama`, `no_hp_anggota`, `jenis_kelamin`, `tgl_lahir`, `tempat_lahir`, `agama`, `pendidikan`, `pekerjaan`, `hubungan`, `perkawinan`, `kewarganegaraan`, `nama_ayah`, `nama_ibu`, `nik`, `id_kk`, `id_rt`, `level`) VALUES ('A1051JnOlscRawSm', 'Soirin', '', 'Laki-laki', '1945-06-30', 'Ponorogo ', 'Islam', 'SD', 'Petani/Pekebun', 'Kepala Keluarga', 'Kawin', 'WNI', '', '', '3502113006450141', 'K009bjkSYfnh84su', 'jfeed001jddSWc', 'anggota_kk');
INSERT INTO `tb_anggota` (`id_anggota`, `nama`, `no_hp_anggota`, `jenis_kelamin`, `tgl_lahir`, `tempat_lahir`, `agama`, `pendidikan`, `pekerjaan`, `hubungan`, `perkawinan`, `kewarganegaraan`, `nama_ayah`, `nama_ibu`, `nik`, `id_kk`, `id_rt`, `level`) VALUES ('A106774g1Aa9Rodg', 'Mariatun ', '', 'Perempuan', '1952-06-30', 'Ponorogo ', 'Islam', 'SD', 'Petani/Pekebun', 'Istri', 'Kawin', 'WNI', '', '', '3502117006520106', 'K009bjkSYfnh84su', 'jfeed001jddSWc', 'anggota_kk');
INSERT INTO `tb_anggota` (`id_anggota`, `nama`, `no_hp_anggota`, `jenis_kelamin`, `tgl_lahir`, `tempat_lahir`, `agama`, `pendidikan`, `pekerjaan`, `hubungan`, `perkawinan`, `kewarganegaraan`, `nama_ayah`, `nama_ibu`, `nik`, `id_kk`, `id_rt`, `level`) VALUES ('A107aWBuniJDqBgt', 'Ita Kusnul hijriati ', '', 'Perempuan', '1980-07-05', 'Tanggamus ', 'Islam', 'SMP', 'Wiraswasta', 'Anak', 'Kawin', 'WNI', '', '', '3502114507800004', 'K009bjkSYfnh84su', 'jfeed001jddSWc', 'anggota_kk');
INSERT INTO `tb_anggota` (`id_anggota`, `nama`, `no_hp_anggota`, `jenis_kelamin`, `tgl_lahir`, `tempat_lahir`, `agama`, `pendidikan`, `pekerjaan`, `hubungan`, `perkawinan`, `kewarganegaraan`, `nama_ayah`, `nama_ibu`, `nik`, `id_kk`, `id_rt`, `level`) VALUES ('A108YCY49dGAzCY9', 'Muh. Zhamrin', '', 'Laki-laki', '1969-06-12', 'Ponorogo ', 'Islam', 'SMP', 'Wiraswasta', 'Kepala Keluarga', 'Kawin', 'WNI', '', '', '3502111206690004', 'K056vWR3kMGrtNCU', 'jfeed001jddSWc', 'anggota_kk');
INSERT INTO `tb_anggota` (`id_anggota`, `nama`, `no_hp_anggota`, `jenis_kelamin`, `tgl_lahir`, `tempat_lahir`, `agama`, `pendidikan`, `pekerjaan`, `hubungan`, `perkawinan`, `kewarganegaraan`, `nama_ayah`, `nama_ibu`, `nik`, `id_kk`, `id_rt`, `level`) VALUES ('A10911teKu56rdPF', 'TUMIRAH ', '', 'Perempuan', '1974-06-04', 'Ponorogo ', 'Islam', 'SMA', 'Wiraswasta', 'Istri', 'Kawin', 'WNI', '', '', '3502114406740001', 'K056vWR3kMGrtNCU', 'jfeed001jddSWc', 'anggota_kk');
INSERT INTO `tb_anggota` (`id_anggota`, `nama`, `no_hp_anggota`, `jenis_kelamin`, `tgl_lahir`, `tempat_lahir`, `agama`, `pendidikan`, `pekerjaan`, `hubungan`, `perkawinan`, `kewarganegaraan`, `nama_ayah`, `nama_ibu`, `nik`, `id_kk`, `id_rt`, `level`) VALUES ('A110uRor3T8No1Cm', 'Rhesy Agnesia febriani ', '', 'Perempuan', '2001-02-23', 'Ponorogo ', 'Islam', 'SMA', 'Pelajar/Mahasiswa', 'Anak', 'Belum Kawin', 'WNI', '', '', '3502116302010003', 'K056vWR3kMGrtNCU', 'jfeed001jddSWc', 'anggota_kk');
INSERT INTO `tb_anggota` (`id_anggota`, `nama`, `no_hp_anggota`, `jenis_kelamin`, `tgl_lahir`, `tempat_lahir`, `agama`, `pendidikan`, `pekerjaan`, `hubungan`, `perkawinan`, `kewarganegaraan`, `nama_ayah`, `nama_ibu`, `nik`, `id_kk`, `id_rt`, `level`) VALUES ('A111vPSlb0N3dh90', 'Septian Wahyu Dwi Saputra ', '', 'Laki-laki', '2005-09-03', 'Ponorogo ', 'Islam', 'SMP', 'Pelajar/Mahasiswa', 'Anak', 'Belum Kawin', 'WNI', '', '', '3502110309050001', 'K056vWR3kMGrtNCU', 'jfeed001jddSWc', 'anggota_kk');
INSERT INTO `tb_anggota` (`id_anggota`, `nama`, `no_hp_anggota`, `jenis_kelamin`, `tgl_lahir`, `tempat_lahir`, `agama`, `pendidikan`, `pekerjaan`, `hubungan`, `perkawinan`, `kewarganegaraan`, `nama_ayah`, `nama_ibu`, `nik`, `id_kk`, `id_rt`, `level`) VALUES ('A112S0og5rTquaJh', 'Aji Suwarno ', '', 'Laki-laki', '1976-06-01', 'Ponorogo ', 'Islam', 'SD', 'Petani/Pekebun', 'Kepala Keluarga', 'Kawin', 'WNI', '', '', '3502110106760002', 'K0606KE7V79hG0mf', 'jfeed001jddSWc', 'anggota_kk');
INSERT INTO `tb_anggota` (`id_anggota`, `nama`, `no_hp_anggota`, `jenis_kelamin`, `tgl_lahir`, `tempat_lahir`, `agama`, `pendidikan`, `pekerjaan`, `hubungan`, `perkawinan`, `kewarganegaraan`, `nama_ayah`, `nama_ibu`, `nik`, `id_kk`, `id_rt`, `level`) VALUES ('A113x0DeYNzyKkhm', 'Paitun', '', 'Perempuan', '1977-05-01', 'Ponorogo ', 'Islam', 'SMP', 'Karyawan Swasta', 'Istri', 'Kawin', 'WNI', '', '', '3502114105770002', 'K0606KE7V79hG0mf', 'jfeed001jddSWc', 'anggota_kk');
INSERT INTO `tb_anggota` (`id_anggota`, `nama`, `no_hp_anggota`, `jenis_kelamin`, `tgl_lahir`, `tempat_lahir`, `agama`, `pendidikan`, `pekerjaan`, `hubungan`, `perkawinan`, `kewarganegaraan`, `nama_ayah`, `nama_ibu`, `nik`, `id_kk`, `id_rt`, `level`) VALUES ('A114CBQ6IO1Zmq9Q', 'Doni Pradana ', '', 'Laki-laki', '2001-01-26', 'Ponorogo ', 'Islam', 'SMA', 'Pelajar/Mahasiswa', 'Anak', 'Belum Kawin', 'WNI', '', '', '3502112601010002', 'K0606KE7V79hG0mf', 'jfeed001jddSWc', 'anggota_kk');
INSERT INTO `tb_anggota` (`id_anggota`, `nama`, `no_hp_anggota`, `jenis_kelamin`, `tgl_lahir`, `tempat_lahir`, `agama`, `pendidikan`, `pekerjaan`, `hubungan`, `perkawinan`, `kewarganegaraan`, `nama_ayah`, `nama_ibu`, `nik`, `id_kk`, `id_rt`, `level`) VALUES ('A115X0vbGuwJ6L7V', 'Muhammad Panji Amharziddan', '', 'Laki-laki', '2011-10-23', 'Ponorogo ', 'Islam', 'SD', 'Belum/Tidak Bekerja', 'Anak', 'Belum Kawin', 'WNI', '', '', '3502112310110001', 'K0606KE7V79hG0mf', 'jfeed001jddSWc', 'anggota_kk');
INSERT INTO `tb_anggota` (`id_anggota`, `nama`, `no_hp_anggota`, `jenis_kelamin`, `tgl_lahir`, `tempat_lahir`, `agama`, `pendidikan`, `pekerjaan`, `hubungan`, `perkawinan`, `kewarganegaraan`, `nama_ayah`, `nama_ibu`, `nik`, `id_kk`, `id_rt`, `level`) VALUES ('A116h5bgY11Jw6A1', 'Ahmad saifudin', '', 'Laki-laki', '1979-07-06', 'Ponorogo ', 'Islam', 'SMA', 'Karyawan Swasta', 'Kepala Keluarga', 'Kawin', 'WNI', '', '', '3502110807790004', 'K052dAVkKfIe186e', 'jfeed001jddSWc', 'anggota_kk');
INSERT INTO `tb_anggota` (`id_anggota`, `nama`, `no_hp_anggota`, `jenis_kelamin`, `tgl_lahir`, `tempat_lahir`, `agama`, `pendidikan`, `pekerjaan`, `hubungan`, `perkawinan`, `kewarganegaraan`, `nama_ayah`, `nama_ibu`, `nik`, `id_kk`, `id_rt`, `level`) VALUES ('A117JQMK3AcE1QSY', 'Katini', '', 'Perempuan', '1981-12-17', 'Ponorogo ', 'Islam', 'SMP', 'Karyawan Swasta', 'Istri', 'Kawin', 'WNI', '', '', '3502115712810001', 'K052dAVkKfIe186e', 'jfeed001jddSWc', 'anggota_kk');
INSERT INTO `tb_anggota` (`id_anggota`, `nama`, `no_hp_anggota`, `jenis_kelamin`, `tgl_lahir`, `tempat_lahir`, `agama`, `pendidikan`, `pekerjaan`, `hubungan`, `perkawinan`, `kewarganegaraan`, `nama_ayah`, `nama_ibu`, `nik`, `id_kk`, `id_rt`, `level`) VALUES ('A118MFMEpE3VaoCI', 'Anggita setyoningsih', '', 'Perempuan', '2010-06-09', 'Ponorogo ', 'Islam', 'SD', 'Pelajar/Mahasiswa', 'Anak', 'Belum Kawin', 'WNI', '', '', '3502114906100001', 'K052dAVkKfIe186e', 'jfeed001jddSWc', 'anggota_kk');
INSERT INTO `tb_anggota` (`id_anggota`, `nama`, `no_hp_anggota`, `jenis_kelamin`, `tgl_lahir`, `tempat_lahir`, `agama`, `pendidikan`, `pekerjaan`, `hubungan`, `perkawinan`, `kewarganegaraan`, `nama_ayah`, `nama_ibu`, `nik`, `id_kk`, `id_rt`, `level`) VALUES ('A119ql3vk3yMlXFR', 'Aqila Misha shafana', '', 'Perempuan', '2017-05-16', 'Ponorogo ', 'Islam', 'Tidak Sekolah', 'Belum/Tidak Bekerja', 'Anak', 'Belum Kawin', 'WNI', '', '', '3502115605170002', 'K052dAVkKfIe186e', 'jfeed001jddSWc', 'anggota_kk');
INSERT INTO `tb_anggota` (`id_anggota`, `nama`, `no_hp_anggota`, `jenis_kelamin`, `tgl_lahir`, `tempat_lahir`, `agama`, `pendidikan`, `pekerjaan`, `hubungan`, `perkawinan`, `kewarganegaraan`, `nama_ayah`, `nama_ibu`, `nik`, `id_kk`, `id_rt`, `level`) VALUES ('A120Giq20VDp8Gd1', 'Sutikno', '', 'Laki-laki', '1972-05-03', 'Ponorogo ', 'Islam', 'SD', 'Wiraswasta', 'Kepala Keluarga', 'Kawin', 'WNI', '', '', '3502110305720003', 'K054vdV9mLqLOSPH', 'jfeed001jddSWc', 'anggota_kk');
INSERT INTO `tb_anggota` (`id_anggota`, `nama`, `no_hp_anggota`, `jenis_kelamin`, `tgl_lahir`, `tempat_lahir`, `agama`, `pendidikan`, `pekerjaan`, `hubungan`, `perkawinan`, `kewarganegaraan`, `nama_ayah`, `nama_ibu`, `nik`, `id_kk`, `id_rt`, `level`) VALUES ('A121kKqcDoFIOaoD', 'Siti barokatin', '', 'Perempuan', '1979-07-11', 'Ponorogo ', 'Islam', 'SMA', 'Lainnya', 'Istri', 'Kawin', 'WNI', '', '', '3502115107790004', 'K054vdV9mLqLOSPH', 'jfeed001jddSWc', 'anggota_kk');
INSERT INTO `tb_anggota` (`id_anggota`, `nama`, `no_hp_anggota`, `jenis_kelamin`, `tgl_lahir`, `tempat_lahir`, `agama`, `pendidikan`, `pekerjaan`, `hubungan`, `perkawinan`, `kewarganegaraan`, `nama_ayah`, `nama_ibu`, `nik`, `id_kk`, `id_rt`, `level`) VALUES ('A122ePwEffuKcH1L', 'Juari', '', 'Laki-laki', '1982-07-18', 'Ponorogo', 'Islam', 'SD', 'Wiraswasta', 'Kepala Keluarga', 'Kawin', 'WNI', 'Paniman', 'Tarmi', '3502111807820001', 'K0493srDlhFevV3W', 'jfeed001jddSWc', 'anggota_kk');
INSERT INTO `tb_anggota` (`id_anggota`, `nama`, `no_hp_anggota`, `jenis_kelamin`, `tgl_lahir`, `tempat_lahir`, `agama`, `pendidikan`, `pekerjaan`, `hubungan`, `perkawinan`, `kewarganegaraan`, `nama_ayah`, `nama_ibu`, `nik`, `id_kk`, `id_rt`, `level`) VALUES ('A123dcSFZEHP9g3I', 'Katmiatin', '', 'Perempuan', '1985-07-14', 'Ponorogo', 'Islam', 'SMA', 'Wiraswasta', 'Istri', 'Kawin', 'WNI', 'Misiran', 'Misti', '3502115407850002', 'K0493srDlhFevV3W', 'jfeed001jddSWc', 'anggota_kk');
INSERT INTO `tb_anggota` (`id_anggota`, `nama`, `no_hp_anggota`, `jenis_kelamin`, `tgl_lahir`, `tempat_lahir`, `agama`, `pendidikan`, `pekerjaan`, `hubungan`, `perkawinan`, `kewarganegaraan`, `nama_ayah`, `nama_ibu`, `nik`, `id_kk`, `id_rt`, `level`) VALUES ('A124qhVWBgxWQh0H', 'Muhammad Khoirudin', '', 'Laki-laki', '2006-07-11', 'Ponorogo', 'Islam', 'SD', 'Pelajar/Mahasiswa', 'Anak', 'Belum Kawin', 'WNI', 'Juari', 'Katmiatin', '3502111107060001', 'K0493srDlhFevV3W', 'jfeed001jddSWc', 'anggota_kk');
INSERT INTO `tb_anggota` (`id_anggota`, `nama`, `no_hp_anggota`, `jenis_kelamin`, `tgl_lahir`, `tempat_lahir`, `agama`, `pendidikan`, `pekerjaan`, `hubungan`, `perkawinan`, `kewarganegaraan`, `nama_ayah`, `nama_ibu`, `nik`, `id_kk`, `id_rt`, `level`) VALUES ('A125Wk1WiQ3gJ0ej', 'Triyono ', '', 'Laki-laki', '1979-05-17', 'Ponorogo ', 'Islam', 'SMA', 'Wiraswasta', 'Kepala Keluarga', 'Kawin', 'WNI', '', '', '3502111705790002', 'K050yYKacPQoVW3t', 'jfeed001jddSWc', 'anggota_kk');
INSERT INTO `tb_anggota` (`id_anggota`, `nama`, `no_hp_anggota`, `jenis_kelamin`, `tgl_lahir`, `tempat_lahir`, `agama`, `pendidikan`, `pekerjaan`, `hubungan`, `perkawinan`, `kewarganegaraan`, `nama_ayah`, `nama_ibu`, `nik`, `id_kk`, `id_rt`, `level`) VALUES ('A126pIf41p85HfvF', 'Nurjanah ', '', 'Perempuan', '1982-12-02', 'Ponorogo ', 'Islam', 'D4', 'Wiraswasta', 'Istri', 'Kawin', 'WNI', '', '', '3502114212820001', 'K050yYKacPQoVW3t', 'jfeed001jddSWc', 'anggota_kk');
INSERT INTO `tb_anggota` (`id_anggota`, `nama`, `no_hp_anggota`, `jenis_kelamin`, `tgl_lahir`, `tempat_lahir`, `agama`, `pendidikan`, `pekerjaan`, `hubungan`, `perkawinan`, `kewarganegaraan`, `nama_ayah`, `nama_ibu`, `nik`, `id_kk`, `id_rt`, `level`) VALUES ('A127oN74vDAGybf0', 'Muhammad Fairuz Raihan Al-Hakim ', '', 'Laki-laki', '2007-07-25', 'Ponorogo ', 'Islam', 'SMP', 'Belum/Tidak Bekerja', 'Anak', 'Belum Kawin', 'WNI', '', '', '3502112607070002', 'K050yYKacPQoVW3t', 'jfeed001jddSWc', 'anggota_kk');
INSERT INTO `tb_anggota` (`id_anggota`, `nama`, `no_hp_anggota`, `jenis_kelamin`, `tgl_lahir`, `tempat_lahir`, `agama`, `pendidikan`, `pekerjaan`, `hubungan`, `perkawinan`, `kewarganegaraan`, `nama_ayah`, `nama_ibu`, `nik`, `id_kk`, `id_rt`, `level`) VALUES ('A128BbD0kZJDb4gI', 'Muhammad Abdul adjid Al-ayyubi ', '', 'Laki-laki', '2015-02-20', 'Ponorogo ', 'Islam', 'Tidak Sekolah', 'Belum/Tidak Bekerja', 'Anak', 'Belum Kawin', 'WNI', '', '', '3502112002150002', 'K050yYKacPQoVW3t', 'jfeed001jddSWc', 'anggota_kk');
INSERT INTO `tb_anggota` (`id_anggota`, `nama`, `no_hp_anggota`, `jenis_kelamin`, `tgl_lahir`, `tempat_lahir`, `agama`, `pendidikan`, `pekerjaan`, `hubungan`, `perkawinan`, `kewarganegaraan`, `nama_ayah`, `nama_ibu`, `nik`, `id_kk`, `id_rt`, `level`) VALUES ('A129sBc4KZwQxvSS', 'Aisyah Syakira azkadina', '', 'Perempuan', '2020-11-10', 'Ponorogo ', 'Islam', 'Tidak Sekolah', 'Belum/Tidak Bekerja', 'Anak', 'Belum Kawin', 'WNI', '', '', '3502115011200001', 'K050yYKacPQoVW3t', 'jfeed001jddSWc', 'anggota_kk');
INSERT INTO `tb_anggota` (`id_anggota`, `nama`, `no_hp_anggota`, `jenis_kelamin`, `tgl_lahir`, `tempat_lahir`, `agama`, `pendidikan`, `pekerjaan`, `hubungan`, `perkawinan`, `kewarganegaraan`, `nama_ayah`, `nama_ibu`, `nik`, `id_kk`, `id_rt`, `level`) VALUES ('A130VpURxbifxnLn', 'Samodra', '', 'Laki-laki', '1977-07-15', 'Ponorogo ', 'Islam', 'SMA', 'Wiraswasta', 'Kepala Keluarga', 'Kawin', 'WNI', '', '', '3502111507770009', 'K0597rZkxnD54fwK', 'jfeed001jddSWc', 'anggota_kk');
INSERT INTO `tb_anggota` (`id_anggota`, `nama`, `no_hp_anggota`, `jenis_kelamin`, `tgl_lahir`, `tempat_lahir`, `agama`, `pendidikan`, `pekerjaan`, `hubungan`, `perkawinan`, `kewarganegaraan`, `nama_ayah`, `nama_ibu`, `nik`, `id_kk`, `id_rt`, `level`) VALUES ('A1318l9CiAp3OtNg', 'Siti samsiyah', '', 'Perempuan', '1978-12-27', 'Ponorogo ', 'Islam', 'SMP', 'Mengurus Rumah Tangga', 'Istri', 'Kawin', 'WNI', '', '', '3502116712780005', 'K0597rZkxnD54fwK', 'jfeed001jddSWc', 'anggota_kk');
INSERT INTO `tb_anggota` (`id_anggota`, `nama`, `no_hp_anggota`, `jenis_kelamin`, `tgl_lahir`, `tempat_lahir`, `agama`, `pendidikan`, `pekerjaan`, `hubungan`, `perkawinan`, `kewarganegaraan`, `nama_ayah`, `nama_ibu`, `nik`, `id_kk`, `id_rt`, `level`) VALUES ('A1329D8VvBf2Vd9l', 'Juliani eka samodra', '', 'Perempuan', '2009-07-30', 'Ponorogo ', 'Islam', 'SD', 'Belum/Tidak Bekerja', 'Anak', 'Belum Kawin', 'WNI', '', '', '3502117007090003', 'K0597rZkxnD54fwK', 'jfeed001jddSWc', 'anggota_kk');
INSERT INTO `tb_anggota` (`id_anggota`, `nama`, `no_hp_anggota`, `jenis_kelamin`, `tgl_lahir`, `tempat_lahir`, `agama`, `pendidikan`, `pekerjaan`, `hubungan`, `perkawinan`, `kewarganegaraan`, `nama_ayah`, `nama_ibu`, `nik`, `id_kk`, `id_rt`, `level`) VALUES ('A133ylOVxji3dGk5', 'Muhammad Shafwan arsha samodra ', '', 'Laki-laki', '2020-09-24', 'Ponorogo ', 'Islam', 'Tidak Sekolah', 'Belum/Tidak Bekerja', 'Anak', 'Belum Kawin', 'WNI', '', '', '3502112409200001', 'K0597rZkxnD54fwK', 'jfeed001jddSWc', 'anggota_kk');
INSERT INTO `tb_anggota` (`id_anggota`, `nama`, `no_hp_anggota`, `jenis_kelamin`, `tgl_lahir`, `tempat_lahir`, `agama`, `pendidikan`, `pekerjaan`, `hubungan`, `perkawinan`, `kewarganegaraan`, `nama_ayah`, `nama_ibu`, `nik`, `id_kk`, `id_rt`, `level`) VALUES ('A134Hsq9JwlZmJhT', 'Suryokoco', '', 'Laki-laki', '1972-09-11', 'Ponorogo', 'Islam', 'SMA', 'Wiraswasta', 'Kepala Keluarga', 'Kawin', 'WNI', '', '', '3502111109720002', 'K0475ZWMqxfkUZZq', 'jfeed001jddSWc', 'anggota_kk');
INSERT INTO `tb_anggota` (`id_anggota`, `nama`, `no_hp_anggota`, `jenis_kelamin`, `tgl_lahir`, `tempat_lahir`, `agama`, `pendidikan`, `pekerjaan`, `hubungan`, `perkawinan`, `kewarganegaraan`, `nama_ayah`, `nama_ibu`, `nik`, `id_kk`, `id_rt`, `level`) VALUES ('A135GHwBLP4JFBJE', 'Tiyanah', '', 'Perempuan', '1979-05-06', 'Ngawi', 'Islam', 'SD', 'Wiraswasta', 'Istri', 'Kawin', 'WNI', '', '', '3502114605790002', 'K0475ZWMqxfkUZZq', 'jfeed001jddSWc', 'anggota_kk');
INSERT INTO `tb_anggota` (`id_anggota`, `nama`, `no_hp_anggota`, `jenis_kelamin`, `tgl_lahir`, `tempat_lahir`, `agama`, `pendidikan`, `pekerjaan`, `hubungan`, `perkawinan`, `kewarganegaraan`, `nama_ayah`, `nama_ibu`, `nik`, `id_kk`, `id_rt`, `level`) VALUES ('A136IbbeB25JHX3n', 'Aulia Shepti Putri Suryana', '', 'Perempuan', '2010-09-20', 'Ponorogo', 'Islam', 'SD', 'Pelajar/Mahasiswa', 'Anak', 'Belum Kawin', 'WNI', '', '', '3502116209100002', 'K0475ZWMqxfkUZZq', 'jfeed001jddSWc', 'anggota_kk');
INSERT INTO `tb_anggota` (`id_anggota`, `nama`, `no_hp_anggota`, `jenis_kelamin`, `tgl_lahir`, `tempat_lahir`, `agama`, `pendidikan`, `pekerjaan`, `hubungan`, `perkawinan`, `kewarganegaraan`, `nama_ayah`, `nama_ibu`, `nik`, `id_kk`, `id_rt`, `level`) VALUES ('A137cBqNvaLAxXWk', 'Tri Efendi ', '', 'Laki-laki', '1976-05-05', 'Ponorogo ', 'Islam', 'SMA', 'Wiraswasta', 'Kepala Keluarga', 'Kawin', 'WNI', '', '', '3502110505760002', 'K048fp9DsNDqzv8R', 'jfeed001jddSWc', 'anggota_kk');
INSERT INTO `tb_anggota` (`id_anggota`, `nama`, `no_hp_anggota`, `jenis_kelamin`, `tgl_lahir`, `tempat_lahir`, `agama`, `pendidikan`, `pekerjaan`, `hubungan`, `perkawinan`, `kewarganegaraan`, `nama_ayah`, `nama_ibu`, `nik`, `id_kk`, `id_rt`, `level`) VALUES ('A138fdeIszfTSBaf', 'Siti Indrayani ', '', 'Perempuan', '1986-09-22', 'Ponorogo ', 'Islam', 'SMP', 'Wiraswasta', 'Istri', 'Kawin', 'WNI', '', '', '3502116209860004', 'K048fp9DsNDqzv8R', 'jfeed001jddSWc', 'anggota_kk');
INSERT INTO `tb_anggota` (`id_anggota`, `nama`, `no_hp_anggota`, `jenis_kelamin`, `tgl_lahir`, `tempat_lahir`, `agama`, `pendidikan`, `pekerjaan`, `hubungan`, `perkawinan`, `kewarganegaraan`, `nama_ayah`, `nama_ibu`, `nik`, `id_kk`, `id_rt`, `level`) VALUES ('A139LGh7W1r6pfI6', 'Dian Mahendra Kartiko W.', '', 'Laki-laki', '2007-01-02', 'Ponorogo ', 'Islam', 'SMP', 'Pelajar/Mahasiswa', 'Anak', 'Belum Kawin', 'WNI', '', '', '3502110201070001', 'K048fp9DsNDqzv8R', 'jfeed001jddSWc', 'anggota_kk');
INSERT INTO `tb_anggota` (`id_anggota`, `nama`, `no_hp_anggota`, `jenis_kelamin`, `tgl_lahir`, `tempat_lahir`, `agama`, `pendidikan`, `pekerjaan`, `hubungan`, `perkawinan`, `kewarganegaraan`, `nama_ayah`, `nama_ibu`, `nik`, `id_kk`, `id_rt`, `level`) VALUES ('A1409ZNpyA3PJ8s0', 'Miswanto ', '', 'Laki-laki', '1970-07-09', 'Ponorogo ', 'Islam', 'SMP', 'Wiraswasta', 'Kepala Keluarga', 'Kawin', 'WNI', '', '', '3502110907700002', 'K055cNBWUcRDKSvQ', 'jfeed001jddSWc', 'anggota_kk');
INSERT INTO `tb_anggota` (`id_anggota`, `nama`, `no_hp_anggota`, `jenis_kelamin`, `tgl_lahir`, `tempat_lahir`, `agama`, `pendidikan`, `pekerjaan`, `hubungan`, `perkawinan`, `kewarganegaraan`, `nama_ayah`, `nama_ibu`, `nik`, `id_kk`, `id_rt`, `level`) VALUES ('A141FRXK1M9UD0uz', 'Tri nurhidayati ', '', 'Perempuan', '1980-08-25', 'Ponorogo ', 'Islam', 'SMP', 'Wiraswasta', 'Istri', 'Kawin', 'WNI', '', '', '350211658800002', 'K055cNBWUcRDKSvQ', 'jfeed001jddSWc', 'anggota_kk');
INSERT INTO `tb_anggota` (`id_anggota`, `nama`, `no_hp_anggota`, `jenis_kelamin`, `tgl_lahir`, `tempat_lahir`, `agama`, `pendidikan`, `pekerjaan`, `hubungan`, `perkawinan`, `kewarganegaraan`, `nama_ayah`, `nama_ibu`, `nik`, `id_kk`, `id_rt`, `level`) VALUES ('A142WKm63lL7ngFj', 'Ardita evitasari', '', 'Perempuan', '2005-03-19', 'Ponorogo ', 'Islam', 'SMP', 'Pelajar/Mahasiswa', 'Anak', 'Belum Kawin', 'WNI', '', '', '3502115903050003', 'K055cNBWUcRDKSvQ', 'jfeed001jddSWc', 'anggota_kk');
INSERT INTO `tb_anggota` (`id_anggota`, `nama`, `no_hp_anggota`, `jenis_kelamin`, `tgl_lahir`, `tempat_lahir`, `agama`, `pendidikan`, `pekerjaan`, `hubungan`, `perkawinan`, `kewarganegaraan`, `nama_ayah`, `nama_ibu`, `nik`, `id_kk`, `id_rt`, `level`) VALUES ('A143vN23RLx9XB6W', 'Anis Kurnia Putri ', '', 'Perempuan', '2015-04-25', 'Ponorogo ', 'Islam', 'SD', 'Pelajar/Mahasiswa', 'Anak', 'Belum Kawin', 'WNI', '', '', '3502116504150001', 'K055cNBWUcRDKSvQ', 'jfeed001jddSWc', 'anggota_kk');
INSERT INTO `tb_anggota` (`id_anggota`, `nama`, `no_hp_anggota`, `jenis_kelamin`, `tgl_lahir`, `tempat_lahir`, `agama`, `pendidikan`, `pekerjaan`, `hubungan`, `perkawinan`, `kewarganegaraan`, `nama_ayah`, `nama_ibu`, `nik`, `id_kk`, `id_rt`, `level`) VALUES ('A1444HuILWhszr9S', 'Putut Sulistyo ', '', 'Laki-laki', '1985-07-22', 'Ponorogo ', 'Islam', 'SMA', 'Wiraswasta', 'Kepala Keluarga', 'Kawin', 'WNI', '', '', '3502182207850008', 'K053RZwEixPnPc9Y', 'jfeed001jddSWc', 'anggota_kk');
INSERT INTO `tb_anggota` (`id_anggota`, `nama`, `no_hp_anggota`, `jenis_kelamin`, `tgl_lahir`, `tempat_lahir`, `agama`, `pendidikan`, `pekerjaan`, `hubungan`, `perkawinan`, `kewarganegaraan`, `nama_ayah`, `nama_ibu`, `nik`, `id_kk`, `id_rt`, `level`) VALUES ('A14506BUUBeLrsyF', 'Tera Dwi Arinda Novitasari ', '', 'Perempuan', '1989-12-07', 'Ponorogo ', 'Islam', 'SMA', 'Mengurus Rumah Tangga', 'Istri', 'Kawin', 'WNI', '', '', '3502184712890001', 'K053RZwEixPnPc9Y', 'jfeed001jddSWc', 'anggota_kk');
INSERT INTO `tb_anggota` (`id_anggota`, `nama`, `no_hp_anggota`, `jenis_kelamin`, `tgl_lahir`, `tempat_lahir`, `agama`, `pendidikan`, `pekerjaan`, `hubungan`, `perkawinan`, `kewarganegaraan`, `nama_ayah`, `nama_ibu`, `nik`, `id_kk`, `id_rt`, `level`) VALUES ('A1465U6OViwCtten', 'Aisyah alfaadiyah', '', 'Perempuan', '2010-04-29', 'Ponorogo ', 'Islam', 'SD', 'Pelajar/Mahasiswa', 'Anak', 'Belum Kawin', 'WNI', '', '', '3502186904100001', 'K053RZwEixPnPc9Y', 'jfeed001jddSWc', 'anggota_kk');
INSERT INTO `tb_anggota` (`id_anggota`, `nama`, `no_hp_anggota`, `jenis_kelamin`, `tgl_lahir`, `tempat_lahir`, `agama`, `pendidikan`, `pekerjaan`, `hubungan`, `perkawinan`, `kewarganegaraan`, `nama_ayah`, `nama_ibu`, `nik`, `id_kk`, `id_rt`, `level`) VALUES ('A147pTJu7wSwCTDf', 'Muhammad Yusuf Ubaidillah ', '', 'Laki-laki', '2011-10-15', 'Ponorogo ', 'Islam', 'SD', 'Pelajar/Mahasiswa', 'Anak', 'Belum Kawin', 'WNI', '', '', '3502181510110003', 'K053RZwEixPnPc9Y', 'jfeed001jddSWc', 'anggota_kk');
INSERT INTO `tb_anggota` (`id_anggota`, `nama`, `no_hp_anggota`, `jenis_kelamin`, `tgl_lahir`, `tempat_lahir`, `agama`, `pendidikan`, `pekerjaan`, `hubungan`, `perkawinan`, `kewarganegaraan`, `nama_ayah`, `nama_ibu`, `nik`, `id_kk`, `id_rt`, `level`) VALUES ('A148nIHq3ZoqHBLk', 'Shafiyyah nishfu ramadhan ', '', 'Perempuan', '2014-07-11', 'Ponorogo ', 'Islam', 'Tidak Sekolah', 'Belum/Tidak Bekerja', 'Anak', 'Belum Kawin', 'WNI', '', '', '3502175107140001', 'K053RZwEixPnPc9Y', 'jfeed001jddSWc', 'anggota_kk');
INSERT INTO `tb_anggota` (`id_anggota`, `nama`, `no_hp_anggota`, `jenis_kelamin`, `tgl_lahir`, `tempat_lahir`, `agama`, `pendidikan`, `pekerjaan`, `hubungan`, `perkawinan`, `kewarganegaraan`, `nama_ayah`, `nama_ibu`, `nik`, `id_kk`, `id_rt`, `level`) VALUES ('A149FwgyNjKcPPn2', 'De\'yunus', '', 'Laki-laki', '2016-08-30', 'Ponorogo ', 'Islam', 'Tidak Sekolah', 'Belum/Tidak Bekerja', 'Anak', 'Belum Kawin', 'WNI', '', '', '3502113008160001', 'K053RZwEixPnPc9Y', 'jfeed001jddSWc', 'anggota_kk');
INSERT INTO `tb_anggota` (`id_anggota`, `nama`, `no_hp_anggota`, `jenis_kelamin`, `tgl_lahir`, `tempat_lahir`, `agama`, `pendidikan`, `pekerjaan`, `hubungan`, `perkawinan`, `kewarganegaraan`, `nama_ayah`, `nama_ibu`, `nik`, `id_kk`, `id_rt`, `level`) VALUES ('A150vAnpmSX4W6j4', 'Maryam Shabrina ', '', 'Perempuan', '2019-10-22', 'Ponorogo ', 'Islam', 'Tidak Sekolah', 'Belum/Tidak Bekerja', 'Anak', 'Belum Kawin', 'WNI', '', '', '3502116210190001', 'K053RZwEixPnPc9Y', 'jfeed001jddSWc', 'anggota_kk');
INSERT INTO `tb_anggota` (`id_anggota`, `nama`, `no_hp_anggota`, `jenis_kelamin`, `tgl_lahir`, `tempat_lahir`, `agama`, `pendidikan`, `pekerjaan`, `hubungan`, `perkawinan`, `kewarganegaraan`, `nama_ayah`, `nama_ibu`, `nik`, `id_kk`, `id_rt`, `level`) VALUES ('A151lkkrhxyJ1GC6', 'Najwa Zakia batasya az-zukhruf', '', 'Perempuan', '2009-01-12', 'Ponorogo ', 'Islam', 'SD', 'Pelajar/Mahasiswa', 'Anak', 'Belum Kawin', 'WNI', '', '', '3502115201090002', 'K054vdV9mLqLOSPH', 'jfeed001jddSWc', 'anggota_kk');
INSERT INTO `tb_anggota` (`id_anggota`, `nama`, `no_hp_anggota`, `jenis_kelamin`, `tgl_lahir`, `tempat_lahir`, `agama`, `pendidikan`, `pekerjaan`, `hubungan`, `perkawinan`, `kewarganegaraan`, `nama_ayah`, `nama_ibu`, `nik`, `id_kk`, `id_rt`, `level`) VALUES ('A1525hUObQumpyHz', 'Tsania nabilunuha az-zukhruf ', '', 'Perempuan', '2010-08-22', 'Ponorogo ', 'Islam', 'SD', 'Pelajar/Mahasiswa', 'Anak', 'Belum Kawin', 'WNI', '', '', '3502116208100001', 'K054vdV9mLqLOSPH', 'jfeed001jddSWc', 'anggota_kk');
INSERT INTO `tb_anggota` (`id_anggota`, `nama`, `no_hp_anggota`, `jenis_kelamin`, `tgl_lahir`, `tempat_lahir`, `agama`, `pendidikan`, `pekerjaan`, `hubungan`, `perkawinan`, `kewarganegaraan`, `nama_ayah`, `nama_ibu`, `nik`, `id_kk`, `id_rt`, `level`) VALUES ('A153oyNpoumt6vxF', 'Hasya maulidatus Salsabila az-zukhruf ', '', 'Perempuan', '2019-01-27', 'Ponorogo ', 'Islam', 'Tidak Sekolah', 'Belum/Tidak Bekerja', 'Anak', 'Belum Kawin', 'WNI', '', '', '3502110701190001', 'K054vdV9mLqLOSPH', 'jfeed001jddSWc', 'anggota_kk');
INSERT INTO `tb_anggota` (`id_anggota`, `nama`, `no_hp_anggota`, `jenis_kelamin`, `tgl_lahir`, `tempat_lahir`, `agama`, `pendidikan`, `pekerjaan`, `hubungan`, `perkawinan`, `kewarganegaraan`, `nama_ayah`, `nama_ibu`, `nik`, `id_kk`, `id_rt`, `level`) VALUES ('A154G39GRdisyk3F', 'Romdoni', '', 'Laki-laki', '1985-07-16', 'Ponorogo', 'Islam', 'SMA', 'Wiraswasta', 'Kepala Keluarga', 'Kawin', 'WNI', '', '', '3502111607850002', 'K057mDlODdlOqb8i', 'jfeed001jddSWc', 'anggota_kk');
INSERT INTO `tb_anggota` (`id_anggota`, `nama`, `no_hp_anggota`, `jenis_kelamin`, `tgl_lahir`, `tempat_lahir`, `agama`, `pendidikan`, `pekerjaan`, `hubungan`, `perkawinan`, `kewarganegaraan`, `nama_ayah`, `nama_ibu`, `nik`, `id_kk`, `id_rt`, `level`) VALUES ('A155G45cPgIn7mNe', 'Lilis Pujiastuti', '', 'Perempuan', '1990-03-29', 'Ponorogo', 'Islam', 'SMA', 'Wiraswasta', 'Istri', 'Kawin', 'WNI', '', '', '3502166903900002', 'K057mDlODdlOqb8i', 'jfeed001jddSWc', 'anggota_kk');
INSERT INTO `tb_anggota` (`id_anggota`, `nama`, `no_hp_anggota`, `jenis_kelamin`, `tgl_lahir`, `tempat_lahir`, `agama`, `pendidikan`, `pekerjaan`, `hubungan`, `perkawinan`, `kewarganegaraan`, `nama_ayah`, `nama_ibu`, `nik`, `id_kk`, `id_rt`, `level`) VALUES ('A156TbtRDvmQ88Ax', 'Mada alfatih', '', 'Laki-laki', '2017-10-20', 'Ponorogo', 'Islam', 'Tidak Sekolah', 'Belum/Tidak Bekerja', 'Anak', 'Belum Kawin', 'WNI', '', '', '3502112010170001', 'K057mDlODdlOqb8i', 'jfeed001jddSWc', 'anggota_kk');
INSERT INTO `tb_anggota` (`id_anggota`, `nama`, `no_hp_anggota`, `jenis_kelamin`, `tgl_lahir`, `tempat_lahir`, `agama`, `pendidikan`, `pekerjaan`, `hubungan`, `perkawinan`, `kewarganegaraan`, `nama_ayah`, `nama_ibu`, `nik`, `id_kk`, `id_rt`, `level`) VALUES ('A157cuCQ2l3VpFQV', 'Rubi Hantoro', '', 'Laki-laki', '1973-07-04', 'Ponorogo', 'Islam', 'SMA', 'Wiraswasta', 'Kepala Keluarga', 'Kawin', 'WNI', '', '', '3502110407730002', 'K058OizpIm9DFiuN', 'jfeed001jddSWc', 'anggota_kk');
INSERT INTO `tb_anggota` (`id_anggota`, `nama`, `no_hp_anggota`, `jenis_kelamin`, `tgl_lahir`, `tempat_lahir`, `agama`, `pendidikan`, `pekerjaan`, `hubungan`, `perkawinan`, `kewarganegaraan`, `nama_ayah`, `nama_ibu`, `nik`, `id_kk`, `id_rt`, `level`) VALUES ('A158OmCjkkm16aAh', 'Wijayanti', '', 'Perempuan', '1976-07-22', 'Ponorogo', 'Islam', 'D1', 'Wiraswasta', 'Istri', 'Kawin', 'WNI', '', '', '3502116207760003', 'K058OizpIm9DFiuN', 'jfeed001jddSWc', 'anggota_kk');
INSERT INTO `tb_anggota` (`id_anggota`, `nama`, `no_hp_anggota`, `jenis_kelamin`, `tgl_lahir`, `tempat_lahir`, `agama`, `pendidikan`, `pekerjaan`, `hubungan`, `perkawinan`, `kewarganegaraan`, `nama_ayah`, `nama_ibu`, `nik`, `id_kk`, `id_rt`, `level`) VALUES ('A159580tjQggCDe3', 'Zafhira Ramadhanty', '', 'Perempuan', '2002-11-16', 'Ponorogo', 'Islam', 'SMA', 'Pelajar/Mahasiswa', 'Anak', 'Belum Kawin', 'WNI', '', '', '3502115611020001', 'K058OizpIm9DFiuN', 'jfeed001jddSWc', 'anggota_kk');
INSERT INTO `tb_anggota` (`id_anggota`, `nama`, `no_hp_anggota`, `jenis_kelamin`, `tgl_lahir`, `tempat_lahir`, `agama`, `pendidikan`, `pekerjaan`, `hubungan`, `perkawinan`, `kewarganegaraan`, `nama_ayah`, `nama_ibu`, `nik`, `id_kk`, `id_rt`, `level`) VALUES ('A160IKVfwmaJHHM7', 'Grisselda Zalfa Ramadhanty', '', 'Perempuan', '2009-08-21', 'Ponorogo', 'Islam', 'SMP', 'Pelajar/Mahasiswa', 'Anak', 'Belum Kawin', 'WNI', '', '', '3502116108090001', 'K058OizpIm9DFiuN', 'jfeed001jddSWc', 'anggota_kk');
INSERT INTO `tb_anggota` (`id_anggota`, `nama`, `no_hp_anggota`, `jenis_kelamin`, `tgl_lahir`, `tempat_lahir`, `agama`, `pendidikan`, `pekerjaan`, `hubungan`, `perkawinan`, `kewarganegaraan`, `nama_ayah`, `nama_ibu`, `nik`, `id_kk`, `id_rt`, `level`) VALUES ('A161w7ejOftEuQVL', 'Tigho Junan Hantoro', '', 'Laki-laki', '2013-06-09', 'Ponorogo', 'Islam', 'SD', 'Pelajar/Mahasiswa', 'Anak', 'Belum Kawin', 'WNI', '', '', '3502110906130002', 'K058OizpIm9DFiuN', 'jfeed001jddSWc', 'anggota_kk');
INSERT INTO `tb_anggota` (`id_anggota`, `nama`, `no_hp_anggota`, `jenis_kelamin`, `tgl_lahir`, `tempat_lahir`, `agama`, `pendidikan`, `pekerjaan`, `hubungan`, `perkawinan`, `kewarganegaraan`, `nama_ayah`, `nama_ibu`, `nik`, `id_kk`, `id_rt`, `level`) VALUES ('A162ca69v8JZJCSE', 'Sudarno', '', 'Laki-laki', '1975-06-03', 'Ponorogo', 'Islam', 'SMP', 'Wiraswasta', 'Kepala Keluarga', 'Kawin', 'WNI', 'Boniran', 'Pranti', '3502110306750004', 'K061MNVTZVukvhaU', 'jfeed001jddSWc', 'anggota_kk');
INSERT INTO `tb_anggota` (`id_anggota`, `nama`, `no_hp_anggota`, `jenis_kelamin`, `tgl_lahir`, `tempat_lahir`, `agama`, `pendidikan`, `pekerjaan`, `hubungan`, `perkawinan`, `kewarganegaraan`, `nama_ayah`, `nama_ibu`, `nik`, `id_kk`, `id_rt`, `level`) VALUES ('A163L3FqnlhOmMED', 'Solekah', '', 'Perempuan', '1977-10-15', 'Ponorogo', 'Islam', 'SMP', 'Wiraswasta', 'Istri', 'Kawin', 'WNI', 'Katemin', 'Lasinem', '3502115510770001', 'K061MNVTZVukvhaU', 'jfeed001jddSWc', 'anggota_kk');
INSERT INTO `tb_anggota` (`id_anggota`, `nama`, `no_hp_anggota`, `jenis_kelamin`, `tgl_lahir`, `tempat_lahir`, `agama`, `pendidikan`, `pekerjaan`, `hubungan`, `perkawinan`, `kewarganegaraan`, `nama_ayah`, `nama_ibu`, `nik`, `id_kk`, `id_rt`, `level`) VALUES ('A164anlhBBEqChEe', 'Sherly Saskya Maharani', '', 'Perempuan', '2007-04-19', 'Ponorogo', 'Islam', 'SMA', 'Pelajar/Mahasiswa', 'Anak', 'Belum Kawin', 'WNI', '', '', '3502115904070001', 'K061MNVTZVukvhaU', 'jfeed001jddSWc', 'anggota_kk');
INSERT INTO `tb_anggota` (`id_anggota`, `nama`, `no_hp_anggota`, `jenis_kelamin`, `tgl_lahir`, `tempat_lahir`, `agama`, `pendidikan`, `pekerjaan`, `hubungan`, `perkawinan`, `kewarganegaraan`, `nama_ayah`, `nama_ibu`, `nik`, `id_kk`, `id_rt`, `level`) VALUES ('A165S7MHMfH02qkB', 'Keren Oktaviana Nurlaylasari', '', 'Perempuan', '2014-10-27', 'Ponorogo', 'Islam', 'SD', 'Pelajar/Mahasiswa', 'Anak', 'Belum Kawin', 'WNI', '', '', '3502116710140001', 'K061MNVTZVukvhaU', 'jfeed001jddSWc', 'anggota_kk');
INSERT INTO `tb_anggota` (`id_anggota`, `nama`, `no_hp_anggota`, `jenis_kelamin`, `tgl_lahir`, `tempat_lahir`, `agama`, `pendidikan`, `pekerjaan`, `hubungan`, `perkawinan`, `kewarganegaraan`, `nama_ayah`, `nama_ibu`, `nik`, `id_kk`, `id_rt`, `level`) VALUES ('A166Inz6AyFXo8Mq', 'Loso Iswanto', '', 'Laki-laki', '1976-06-10', 'Ponorogo', 'Islam', 'SMP', 'Wiraswasta', 'Kepala Keluarga', 'Kawin', 'WNI', '', '', '3502111006760003', 'K062EgeoT3hOSYph', 'jfeed001jddSWc', 'anggota_kk');
INSERT INTO `tb_anggota` (`id_anggota`, `nama`, `no_hp_anggota`, `jenis_kelamin`, `tgl_lahir`, `tempat_lahir`, `agama`, `pendidikan`, `pekerjaan`, `hubungan`, `perkawinan`, `kewarganegaraan`, `nama_ayah`, `nama_ibu`, `nik`, `id_kk`, `id_rt`, `level`) VALUES ('A16760uNddvxKjh3', 'Edy Sutrisno', '', 'Laki-laki', '1988-03-31', 'Ponorogo', 'Islam', 'S1', 'Wiraswasta', 'Kepala Keluarga', 'Kawin', 'WNI', 'Kasimin', 'Siti Amini', '3502113103880001', 'K065tLq3pXa4ezH7', 'jfeed001jddSWc', 'anggota_kk');
INSERT INTO `tb_anggota` (`id_anggota`, `nama`, `no_hp_anggota`, `jenis_kelamin`, `tgl_lahir`, `tempat_lahir`, `agama`, `pendidikan`, `pekerjaan`, `hubungan`, `perkawinan`, `kewarganegaraan`, `nama_ayah`, `nama_ibu`, `nik`, `id_kk`, `id_rt`, `level`) VALUES ('A168kDcmjOFdp7nK', 'Harnik Nurhidayah', '', 'Perempuan', '1996-03-08', 'Ponorogo', 'Islam', 'SMA', 'Wiraswasta', 'Istri', 'Kawin', 'WNI', 'Saidi', 'Tini', '3502014803960003', 'K065tLq3pXa4ezH7', 'jfeed001jddSWc', 'anggota_kk');
INSERT INTO `tb_anggota` (`id_anggota`, `nama`, `no_hp_anggota`, `jenis_kelamin`, `tgl_lahir`, `tempat_lahir`, `agama`, `pendidikan`, `pekerjaan`, `hubungan`, `perkawinan`, `kewarganegaraan`, `nama_ayah`, `nama_ibu`, `nik`, `id_kk`, `id_rt`, `level`) VALUES ('A169wKviB86GAu6E', 'Raja Fathir Muhammad Muazzam Syah', '', 'Laki-laki', '2016-09-17', 'Ponorogo', 'Islam', 'SD', 'Pelajar/Mahasiswa', 'Anak', 'Belum Kawin', 'WNI', '', '', '3502011709160004', 'K065tLq3pXa4ezH7', 'jfeed001jddSWc', 'anggota_kk');
INSERT INTO `tb_anggota` (`id_anggota`, `nama`, `no_hp_anggota`, `jenis_kelamin`, `tgl_lahir`, `tempat_lahir`, `agama`, `pendidikan`, `pekerjaan`, `hubungan`, `perkawinan`, `kewarganegaraan`, `nama_ayah`, `nama_ibu`, `nik`, `id_kk`, `id_rt`, `level`) VALUES ('A170EM6H1G1v9a1i', 'Tukinah', '', 'Perempuan', '1954-06-30', 'Ponorogo', 'Islam', 'SD', 'Petani/Pekebun', 'Kepala Keluarga', 'Belum Kawin', 'WNI', 'Mariman', 'Soimah', '3502117006540220', 'K066pX4dtYe2y4Ks', 'RT001ObJGvbrHwCBz', 'anggota_kk');
INSERT INTO `tb_anggota` (`id_anggota`, `nama`, `no_hp_anggota`, `jenis_kelamin`, `tgl_lahir`, `tempat_lahir`, `agama`, `pendidikan`, `pekerjaan`, `hubungan`, `perkawinan`, `kewarganegaraan`, `nama_ayah`, `nama_ibu`, `nik`, `id_kk`, `id_rt`, `level`) VALUES ('A171x4MKG0Y6Vzz4', 'Danang Haris Kurniawan', '', 'Laki-laki', '1998-11-19', 'Ponorogo', 'Islam', 'D4', 'Karyawan Swasta', 'Kepala Keluarga', 'Kawin', 'WNI', 'Joko Prasetyo', 'Supiyah', '3502111911880001', 'K067eoxCtg2MBPtz', 'RT001ObJGvbrHwCBz', 'anggota_kk');
INSERT INTO `tb_anggota` (`id_anggota`, `nama`, `no_hp_anggota`, `jenis_kelamin`, `tgl_lahir`, `tempat_lahir`, `agama`, `pendidikan`, `pekerjaan`, `hubungan`, `perkawinan`, `kewarganegaraan`, `nama_ayah`, `nama_ibu`, `nik`, `id_kk`, `id_rt`, `level`) VALUES ('A172oF44sAQ88lea', 'Umul Ma\'rifah', '', 'Perempuan', '1996-02-06', 'Ponorogo', 'Islam', 'D4', 'Karyawan Swasta', 'Istri', 'Kawin', 'WNI', 'Yatmono', 'Narti', '3502015802960003', 'K067eoxCtg2MBPtz', 'RT001ObJGvbrHwCBz', 'anggota_kk');
INSERT INTO `tb_anggota` (`id_anggota`, `nama`, `no_hp_anggota`, `jenis_kelamin`, `tgl_lahir`, `tempat_lahir`, `agama`, `pendidikan`, `pekerjaan`, `hubungan`, `perkawinan`, `kewarganegaraan`, `nama_ayah`, `nama_ibu`, `nik`, `id_kk`, `id_rt`, `level`) VALUES ('A1738zs2n8I9vdbG', 'Fatin Ainayya Nadhifa Ramadhani', '', 'Perempuan', '2019-05-06', 'Ponorogo', 'Islam', 'Tidak Sekolah', 'Pelajar/Mahasiswa', 'Anak', 'Belum Kawin', 'WNI', 'Danang Haris Kurniawan', 'Umul Ma\'rifah', '3502114605190003', 'K067eoxCtg2MBPtz', 'RT001ObJGvbrHwCBz', 'anggota_kk');
INSERT INTO `tb_anggota` (`id_anggota`, `nama`, `no_hp_anggota`, `jenis_kelamin`, `tgl_lahir`, `tempat_lahir`, `agama`, `pendidikan`, `pekerjaan`, `hubungan`, `perkawinan`, `kewarganegaraan`, `nama_ayah`, `nama_ibu`, `nik`, `id_kk`, `id_rt`, `level`) VALUES ('A174NnUX9wXJjeKw', 'Joko Prasetyo', '', 'Laki-laki', '1967-07-17', 'Ponorogo', 'Islam', 'SMA', 'Wiraswasta', 'Kepala Keluarga', 'Cerai Mati', 'WNI', 'Yahyo', 'Sugiyem', '3502111707670002', 'K068bjKquwEiPnYN', 'RT001ObJGvbrHwCBz', 'anggota_kk');
INSERT INTO `tb_anggota` (`id_anggota`, `nama`, `no_hp_anggota`, `jenis_kelamin`, `tgl_lahir`, `tempat_lahir`, `agama`, `pendidikan`, `pekerjaan`, `hubungan`, `perkawinan`, `kewarganegaraan`, `nama_ayah`, `nama_ibu`, `nik`, `id_kk`, `id_rt`, `level`) VALUES ('A175LvecXpbjbrNF', 'Harno Susilo', '', 'Laki-laki', '1960-05-12', 'Ponorogo', 'Islam', 'S3', 'Petani/Pekebun', 'Kepala Keluarga', 'Kawin', 'WNI', 'Sirman', 'Kasinem', '3502111205600001', 'K069JMxPZR1lzUnu', 'RT001ObJGvbrHwCBz', 'anggota_kk');
INSERT INTO `tb_anggota` (`id_anggota`, `nama`, `no_hp_anggota`, `jenis_kelamin`, `tgl_lahir`, `tempat_lahir`, `agama`, `pendidikan`, `pekerjaan`, `hubungan`, `perkawinan`, `kewarganegaraan`, `nama_ayah`, `nama_ibu`, `nik`, `id_kk`, `id_rt`, `level`) VALUES ('A1767E6P47e1evqS', 'Rumtiani', '', 'Perempuan', '1973-08-19', 'Ponorogo', 'Islam', 'SMP', 'Mengurus Rumah Tangga', 'Istri', 'Kawin', 'WNI', 'Muso', '', '3502111211010131', 'K069JMxPZR1lzUnu', 'RT001ObJGvbrHwCBz', 'anggota_kk');
INSERT INTO `tb_anggota` (`id_anggota`, `nama`, `no_hp_anggota`, `jenis_kelamin`, `tgl_lahir`, `tempat_lahir`, `agama`, `pendidikan`, `pekerjaan`, `hubungan`, `perkawinan`, `kewarganegaraan`, `nama_ayah`, `nama_ibu`, `nik`, `id_kk`, `id_rt`, `level`) VALUES ('A1771nhypQgPp1Xq', 'Wardi', '', 'Laki-laki', '1948-06-30', 'Ponorogo', 'Islam', 'SMP', 'Belum/Tidak Bekerja', 'Kepala Keluarga', 'Kawin', 'WNI', '', '', '3502113006480111', 'K070JU0CE24N1NuF', 'RT001ObJGvbrHwCBz', 'anggota_kk');
INSERT INTO `tb_anggota` (`id_anggota`, `nama`, `no_hp_anggota`, `jenis_kelamin`, `tgl_lahir`, `tempat_lahir`, `agama`, `pendidikan`, `pekerjaan`, `hubungan`, `perkawinan`, `kewarganegaraan`, `nama_ayah`, `nama_ibu`, `nik`, `id_kk`, `id_rt`, `level`) VALUES ('A1787EthlvT8DTdj', 'Misirah', '', 'Perempuan', '1947-06-30', 'Ponorogo', 'Islam', 'SMP', 'Mengurus Rumah Tangga', 'Istri', 'Kawin', 'WNI', '', '', '3502117006470080', 'K070JU0CE24N1NuF', 'RT001ObJGvbrHwCBz', 'anggota_kk');
INSERT INTO `tb_anggota` (`id_anggota`, `nama`, `no_hp_anggota`, `jenis_kelamin`, `tgl_lahir`, `tempat_lahir`, `agama`, `pendidikan`, `pekerjaan`, `hubungan`, `perkawinan`, `kewarganegaraan`, `nama_ayah`, `nama_ibu`, `nik`, `id_kk`, `id_rt`, `level`) VALUES ('A179gRMgZqFehejO', 'Tumini Ratnasari', '', 'Perempuan', '1973-05-06', 'Ponorogo', 'Islam', 'SMA', 'Mengurus Rumah Tangga', 'Anak', 'Cerai Hidup', 'WNI', 'Wardi', '', '3502114605730003', 'K070JU0CE24N1NuF', 'RT001ObJGvbrHwCBz', 'anggota_kk');
INSERT INTO `tb_anggota` (`id_anggota`, `nama`, `no_hp_anggota`, `jenis_kelamin`, `tgl_lahir`, `tempat_lahir`, `agama`, `pendidikan`, `pekerjaan`, `hubungan`, `perkawinan`, `kewarganegaraan`, `nama_ayah`, `nama_ibu`, `nik`, `id_kk`, `id_rt`, `level`) VALUES ('A180mKYH0kX5B9mW', 'Darno Triyanto', '', 'Laki-laki', '1988-09-03', 'Ponorogo', 'Islam', 'SMA', 'Transportasi', 'Anak', 'Belum Kawin', 'WNI', 'Wardi', '', '3502110309880001', 'K070JU0CE24N1NuF', 'RT001ObJGvbrHwCBz', 'anggota_kk');
INSERT INTO `tb_anggota` (`id_anggota`, `nama`, `no_hp_anggota`, `jenis_kelamin`, `tgl_lahir`, `tempat_lahir`, `agama`, `pendidikan`, `pekerjaan`, `hubungan`, `perkawinan`, `kewarganegaraan`, `nama_ayah`, `nama_ibu`, `nik`, `id_kk`, `id_rt`, `level`) VALUES ('A181avXalbA8sdEo', 'Paryam', '', 'Perempuan', '1956-06-30', 'Ponorogo', 'Islam', 'SMA', 'Mengurus Rumah Tangga', 'Kepala Keluarga', 'Cerai Mati', 'WNI', '', '', '3502117006560102', 'K071ZyQTeNuqKhiK', 'RT001ObJGvbrHwCBz', 'anggota_kk');
INSERT INTO `tb_anggota` (`id_anggota`, `nama`, `no_hp_anggota`, `jenis_kelamin`, `tgl_lahir`, `tempat_lahir`, `agama`, `pendidikan`, `pekerjaan`, `hubungan`, `perkawinan`, `kewarganegaraan`, `nama_ayah`, `nama_ibu`, `nik`, `id_kk`, `id_rt`, `level`) VALUES ('A182F1WZB1ZPBt7e', 'Sri Utami', '', 'Perempuan', '1994-02-27', 'Ponorogo', 'Islam', 'SMA', 'Mengurus Rumah Tangga', 'Anak', 'Kawin', 'WNI', 'Tunggak', 'Paryam', '3502116702940001', 'K071ZyQTeNuqKhiK', 'RT001ObJGvbrHwCBz', 'anggota_kk');
INSERT INTO `tb_anggota` (`id_anggota`, `nama`, `no_hp_anggota`, `jenis_kelamin`, `tgl_lahir`, `tempat_lahir`, `agama`, `pendidikan`, `pekerjaan`, `hubungan`, `perkawinan`, `kewarganegaraan`, `nama_ayah`, `nama_ibu`, `nik`, `id_kk`, `id_rt`, `level`) VALUES ('A183sUFnCbIFPJOF', 'Khoirul Muchson', '', 'Laki-laki', '1986-06-04', 'Ponorogo', 'Islam', 'S1', 'Karyawan Swasta', 'Kepala Keluarga', 'Kawin', 'WNI', '', '', '3502110406860003', 'K0728tezyywJQGue', 'RT001ObJGvbrHwCBz', 'anggota_kk');
INSERT INTO `tb_anggota` (`id_anggota`, `nama`, `no_hp_anggota`, `jenis_kelamin`, `tgl_lahir`, `tempat_lahir`, `agama`, `pendidikan`, `pekerjaan`, `hubungan`, `perkawinan`, `kewarganegaraan`, `nama_ayah`, `nama_ibu`, `nik`, `id_kk`, `id_rt`, `level`) VALUES ('A184kFys3XWKj5P7', 'Lilik Ratna Devi Sri', '', 'Perempuan', '1992-04-28', 'Ponorogo', 'Islam', 'SMA', 'Mengurus Rumah Tangga', 'Istri', 'Kawin', 'WNI', '', '', '3502116804920001', 'K0728tezyywJQGue', 'RT001ObJGvbrHwCBz', 'anggota_kk');
INSERT INTO `tb_anggota` (`id_anggota`, `nama`, `no_hp_anggota`, `jenis_kelamin`, `tgl_lahir`, `tempat_lahir`, `agama`, `pendidikan`, `pekerjaan`, `hubungan`, `perkawinan`, `kewarganegaraan`, `nama_ayah`, `nama_ibu`, `nik`, `id_kk`, `id_rt`, `level`) VALUES ('A185afOnS1ERmlpi', 'Muhammad Gibran Akbarraya', '', 'Laki-laki', '2016-05-03', 'Ponorogo', 'Islam', 'SD', 'Pelajar/Mahasiswa', 'Anak', 'Belum Kawin', 'WNI', 'Khoirul Muchson', 'Lilik Ratna Devi Sri', '3502110305150001', 'K0728tezyywJQGue', 'RT001ObJGvbrHwCBz', 'anggota_kk');
INSERT INTO `tb_anggota` (`id_anggota`, `nama`, `no_hp_anggota`, `jenis_kelamin`, `tgl_lahir`, `tempat_lahir`, `agama`, `pendidikan`, `pekerjaan`, `hubungan`, `perkawinan`, `kewarganegaraan`, `nama_ayah`, `nama_ibu`, `nik`, `id_kk`, `id_rt`, `level`) VALUES ('A186acaTwlfnKq1r', 'Suhartono', '', 'Laki-laki', '1980-02-28', 'Ponorogo', 'Islam', 'SMA', 'Perdagangan', 'Kepala Keluarga', 'Kawin', 'WNI', '', '', '3502112802800001', 'K073SXdbfcX5t6uV', 'RT001ObJGvbrHwCBz', 'anggota_kk');
INSERT INTO `tb_anggota` (`id_anggota`, `nama`, `no_hp_anggota`, `jenis_kelamin`, `tgl_lahir`, `tempat_lahir`, `agama`, `pendidikan`, `pekerjaan`, `hubungan`, `perkawinan`, `kewarganegaraan`, `nama_ayah`, `nama_ibu`, `nik`, `id_kk`, `id_rt`, `level`) VALUES ('A187T74qQOebm3UA', 'Karminah', '', 'Perempuan', '1983-03-07', 'Ponorogo', 'Islam', 'SMA', 'Mengurus Rumah Tangga', 'Istri', 'Kawin', 'WNI', 'Bakat', 'Soinem', '3502114703830003', 'K073SXdbfcX5t6uV', 'RT001ObJGvbrHwCBz', 'anggota_kk');
INSERT INTO `tb_anggota` (`id_anggota`, `nama`, `no_hp_anggota`, `jenis_kelamin`, `tgl_lahir`, `tempat_lahir`, `agama`, `pendidikan`, `pekerjaan`, `hubungan`, `perkawinan`, `kewarganegaraan`, `nama_ayah`, `nama_ibu`, `nik`, `id_kk`, `id_rt`, `level`) VALUES ('A188Q8uV5OG6ouSW', 'Arka Ilham Khosiqin', '', 'Laki-laki', '2012-03-24', 'Ponorogo', 'Islam', 'SD', 'Pelajar/Mahasiswa', 'Anak', 'Belum Kawin', 'WNI', 'Suhartono', 'Karminah', '3502112403120001', 'K073SXdbfcX5t6uV', 'RT001ObJGvbrHwCBz', 'anggota_kk');
INSERT INTO `tb_anggota` (`id_anggota`, `nama`, `no_hp_anggota`, `jenis_kelamin`, `tgl_lahir`, `tempat_lahir`, `agama`, `pendidikan`, `pekerjaan`, `hubungan`, `perkawinan`, `kewarganegaraan`, `nama_ayah`, `nama_ibu`, `nik`, `id_kk`, `id_rt`, `level`) VALUES ('A189juI72HiW7VGK', 'Soinem', '', 'Perempuan', '1955-07-03', 'Ponorogo', 'Islam', 'Tidak Sekolah', 'Mengurus Rumah Tangga', 'Kepala Keluarga', 'Cerai Mati', 'WNI', '', '', '350211430755001', 'K074rzyZJEWouDIy', 'RT001ObJGvbrHwCBz', 'anggota_kk');
INSERT INTO `tb_anggota` (`id_anggota`, `nama`, `no_hp_anggota`, `jenis_kelamin`, `tgl_lahir`, `tempat_lahir`, `agama`, `pendidikan`, `pekerjaan`, `hubungan`, `perkawinan`, `kewarganegaraan`, `nama_ayah`, `nama_ibu`, `nik`, `id_kk`, `id_rt`, `level`) VALUES ('A1902LfDy45LjR2L', 'Di\'in', '', 'Laki-laki', '1955-06-30', 'Jombang', 'Islam', 'SMA', 'Petani/Pekebun', 'Kepala Keluarga', 'Kawin', 'WNI', '', '', '3502113006550142', 'K075rfMIFIMjtSSP', 'RT001ObJGvbrHwCBz', 'anggota_kk');
INSERT INTO `tb_anggota` (`id_anggota`, `nama`, `no_hp_anggota`, `jenis_kelamin`, `tgl_lahir`, `tempat_lahir`, `agama`, `pendidikan`, `pekerjaan`, `hubungan`, `perkawinan`, `kewarganegaraan`, `nama_ayah`, `nama_ibu`, `nik`, `id_kk`, `id_rt`, `level`) VALUES ('A191xkyyHrKWAF6v', 'Djeminem', '', 'Perempuan', '1951-06-30', 'Ponorogo', 'Islam', 'SMP', 'Mengurus Rumah Tangga', 'Istri', 'Kawin', 'WNI', '', '', '3502117006510099', 'K075rfMIFIMjtSSP', 'RT001ObJGvbrHwCBz', 'anggota_kk');
INSERT INTO `tb_anggota` (`id_anggota`, `nama`, `no_hp_anggota`, `jenis_kelamin`, `tgl_lahir`, `tempat_lahir`, `agama`, `pendidikan`, `pekerjaan`, `hubungan`, `perkawinan`, `kewarganegaraan`, `nama_ayah`, `nama_ibu`, `nik`, `id_kk`, `id_rt`, `level`) VALUES ('A192I5V2RnV3j19H', 'Heri Purnomo', '', 'Laki-laki', '1981-05-19', 'Ponorogo', 'Islam', 'SMA', 'Petani/Pekebun', 'Kepala Keluarga', 'Kawin', 'WNI', 'Di\'in', 'Djeminem', '3502111905810001', 'K076BH50xPIRiv1e', 'RT001ObJGvbrHwCBz', 'anggota_kk');
INSERT INTO `tb_anggota` (`id_anggota`, `nama`, `no_hp_anggota`, `jenis_kelamin`, `tgl_lahir`, `tempat_lahir`, `agama`, `pendidikan`, `pekerjaan`, `hubungan`, `perkawinan`, `kewarganegaraan`, `nama_ayah`, `nama_ibu`, `nik`, `id_kk`, `id_rt`, `level`) VALUES ('A193z50L8umj9VZ7', 'Siti Khotijah', '', 'Perempuan', '1986-09-15', 'Grobogan', 'Islam', 'SMA', 'Mengurus Rumah Tangga', 'Istri', 'Kawin', 'WNI', '', '', '350211550986001', 'K076BH50xPIRiv1e', 'RT001ObJGvbrHwCBz', 'anggota_kk');
INSERT INTO `tb_anggota` (`id_anggota`, `nama`, `no_hp_anggota`, `jenis_kelamin`, `tgl_lahir`, `tempat_lahir`, `agama`, `pendidikan`, `pekerjaan`, `hubungan`, `perkawinan`, `kewarganegaraan`, `nama_ayah`, `nama_ibu`, `nik`, `id_kk`, `id_rt`, `level`) VALUES ('A194QAFVIAiBkMGW', 'M. Haris Rifa\'i', '', 'Laki-laki', '2010-06-07', 'Ponorogo', 'Islam', 'SMP', 'Pelajar/Mahasiswa', 'Anak', 'Belum Kawin', 'WNI', 'Heri Purnomo', 'Siti Khotijah', '3502110706100001', 'K076BH50xPIRiv1e', 'RT001ObJGvbrHwCBz', 'anggota_kk');
INSERT INTO `tb_anggota` (`id_anggota`, `nama`, `no_hp_anggota`, `jenis_kelamin`, `tgl_lahir`, `tempat_lahir`, `agama`, `pendidikan`, `pekerjaan`, `hubungan`, `perkawinan`, `kewarganegaraan`, `nama_ayah`, `nama_ibu`, `nik`, `id_kk`, `id_rt`, `level`) VALUES ('A195q6zpWnQbtnho', 'Tirta Khoirul Anwar', '', 'Laki-laki', '2013-03-29', 'Ponorogo', 'Islam', 'SD', 'Pelajar/Mahasiswa', 'Anak', 'Belum Kawin', 'WNI', 'Heri Purnomo', 'Siti Khotijah', '3502112903130002', 'K076BH50xPIRiv1e', 'RT001ObJGvbrHwCBz', 'anggota_kk');
INSERT INTO `tb_anggota` (`id_anggota`, `nama`, `no_hp_anggota`, `jenis_kelamin`, `tgl_lahir`, `tempat_lahir`, `agama`, `pendidikan`, `pekerjaan`, `hubungan`, `perkawinan`, `kewarganegaraan`, `nama_ayah`, `nama_ibu`, `nik`, `id_kk`, `id_rt`, `level`) VALUES ('A196UcUIWthbd6qv', 'Agung Pambudi', '', 'Laki-laki', '2007-06-13', 'Ponorogo', 'Islam', 'SMP', 'Pelajar/Mahasiswa', 'Anak', 'Belum Kawin', 'WNI', 'Heri Purnomo', 'Siti Khotijah', '3502111306060002', 'K076BH50xPIRiv1e', 'RT001ObJGvbrHwCBz', 'anggota_kk');
INSERT INTO `tb_anggota` (`id_anggota`, `nama`, `no_hp_anggota`, `jenis_kelamin`, `tgl_lahir`, `tempat_lahir`, `agama`, `pendidikan`, `pekerjaan`, `hubungan`, `perkawinan`, `kewarganegaraan`, `nama_ayah`, `nama_ibu`, `nik`, `id_kk`, `id_rt`, `level`) VALUES ('A197mh8WzPAlYsWI', 'Sunarno', '', 'Laki-laki', '1959-06-03', 'Ponorogo', 'Islam', 'SMA', 'Petani/Pekebun', 'Kepala Keluarga', 'Kawin', 'WNI', '', '', '3502110306590002', 'K077kiYWaoRGzDqg', 'RT001ObJGvbrHwCBz', 'anggota_kk');
INSERT INTO `tb_anggota` (`id_anggota`, `nama`, `no_hp_anggota`, `jenis_kelamin`, `tgl_lahir`, `tempat_lahir`, `agama`, `pendidikan`, `pekerjaan`, `hubungan`, `perkawinan`, `kewarganegaraan`, `nama_ayah`, `nama_ibu`, `nik`, `id_kk`, `id_rt`, `level`) VALUES ('A198nkqDG4JZmmgR', 'Yahmi', '', 'Perempuan', '1968-04-02', 'Ponorogo', 'Islam', 'SMP', 'Petani/Pekebun', 'Istri', 'Kawin', 'WNI', '', '', '3502114204680002', 'K077kiYWaoRGzDqg', 'RT001ObJGvbrHwCBz', 'anggota_kk');
INSERT INTO `tb_anggota` (`id_anggota`, `nama`, `no_hp_anggota`, `jenis_kelamin`, `tgl_lahir`, `tempat_lahir`, `agama`, `pendidikan`, `pekerjaan`, `hubungan`, `perkawinan`, `kewarganegaraan`, `nama_ayah`, `nama_ibu`, `nik`, `id_kk`, `id_rt`, `level`) VALUES ('A199kPjovcIWkG6c', 'Edi Sunarno', '', 'Laki-laki', '1987-11-15', 'Ponorogo', 'Islam', 'SMA', 'Petani/Pekebun', 'Kepala Keluarga', 'Kawin', 'WNI', '', '', '3502201511870002', 'K078EcN93wHvLYR3', 'RT001ObJGvbrHwCBz', 'anggota_kk');
INSERT INTO `tb_anggota` (`id_anggota`, `nama`, `no_hp_anggota`, `jenis_kelamin`, `tgl_lahir`, `tempat_lahir`, `agama`, `pendidikan`, `pekerjaan`, `hubungan`, `perkawinan`, `kewarganegaraan`, `nama_ayah`, `nama_ibu`, `nik`, `id_kk`, `id_rt`, `level`) VALUES ('A200pQqUfGsZhrbv', 'Siti Nur Annisa', '', 'Perempuan', '1990-05-25', 'Ponorogo', 'Islam', 'SMA', 'Mengurus Rumah Tangga', 'Istri', 'Kawin', 'WNI', 'Sunarno', 'Yahmi', '3502116505900002', 'K078EcN93wHvLYR3', 'RT001ObJGvbrHwCBz', 'anggota_kk');
INSERT INTO `tb_anggota` (`id_anggota`, `nama`, `no_hp_anggota`, `jenis_kelamin`, `tgl_lahir`, `tempat_lahir`, `agama`, `pendidikan`, `pekerjaan`, `hubungan`, `perkawinan`, `kewarganegaraan`, `nama_ayah`, `nama_ibu`, `nik`, `id_kk`, `id_rt`, `level`) VALUES ('A201uAZOcGcZuCBX', 'Keisha Anindya Putri', '', 'Perempuan', '2017-08-09', 'Ponorogo', 'Islam', 'SD', 'Pelajar/Mahasiswa', 'Anak', 'Belum Kawin', 'WNI', 'Edi Sunarno', 'Siti Nur Annisa', '3502114908170002', 'K078EcN93wHvLYR3', 'RT001ObJGvbrHwCBz', 'anggota_kk');
INSERT INTO `tb_anggota` (`id_anggota`, `nama`, `no_hp_anggota`, `jenis_kelamin`, `tgl_lahir`, `tempat_lahir`, `agama`, `pendidikan`, `pekerjaan`, `hubungan`, `perkawinan`, `kewarganegaraan`, `nama_ayah`, `nama_ibu`, `nik`, `id_kk`, `id_rt`, `level`) VALUES ('A202gYWhzPSm0QfQ', 'Muslimah', '', 'Perempuan', '1977-05-10', 'Pati', 'Islam', 'SD', 'Wiraswasta', 'Istri', 'Kawin', 'WNI', 'Kasmuri', 'Mariyam', '3502115005770004', 'K062EgeoT3hOSYph', 'jfeed001jddSWc', 'anggota_kk');
INSERT INTO `tb_anggota` (`id_anggota`, `nama`, `no_hp_anggota`, `jenis_kelamin`, `tgl_lahir`, `tempat_lahir`, `agama`, `pendidikan`, `pekerjaan`, `hubungan`, `perkawinan`, `kewarganegaraan`, `nama_ayah`, `nama_ibu`, `nik`, `id_kk`, `id_rt`, `level`) VALUES ('A203npo0lY2XlrqJ', 'Fati Matuz Zahra', '', 'Perempuan', '2008-04-24', 'Ponorogo', 'Islam', 'SMP', 'Pelajar/Mahasiswa', 'Anak', 'Belum Kawin', 'WNI', '', '', '3502116404080001', 'K062EgeoT3hOSYph', 'jfeed001jddSWc', 'anggota_kk');
INSERT INTO `tb_anggota` (`id_anggota`, `nama`, `no_hp_anggota`, `jenis_kelamin`, `tgl_lahir`, `tempat_lahir`, `agama`, `pendidikan`, `pekerjaan`, `hubungan`, `perkawinan`, `kewarganegaraan`, `nama_ayah`, `nama_ibu`, `nik`, `id_kk`, `id_rt`, `level`) VALUES ('A204RkfbJEHj1XIW', 'Reza Mahmud Al Hafid', '', 'Laki-laki', '2013-06-25', 'Ponorogo', 'Islam', 'SD', 'Pelajar/Mahasiswa', 'Anak', 'Belum Kawin', 'WNI', '', '', '3502112506130002', 'K062EgeoT3hOSYph', 'jfeed001jddSWc', 'anggota_kk');
INSERT INTO `tb_anggota` (`id_anggota`, `nama`, `no_hp_anggota`, `jenis_kelamin`, `tgl_lahir`, `tempat_lahir`, `agama`, `pendidikan`, `pekerjaan`, `hubungan`, `perkawinan`, `kewarganegaraan`, `nama_ayah`, `nama_ibu`, `nik`, `id_kk`, `id_rt`, `level`) VALUES ('A205OFqlx9qTy9Qo', 'Adji Soko', '', 'Laki-laki', '2002-10-10', 'Ponorogo', 'Islam', 'SMA', 'Karyawan Swasta', 'Kepala Keluarga', 'Kawin', 'WNI', 'Marsono', 'Armyatri Wahyuni', '3502111010020001', 'K079lxqbThIIVrDJ', 'jfeed001jddSWc', 'anggota_kk');
INSERT INTO `tb_anggota` (`id_anggota`, `nama`, `no_hp_anggota`, `jenis_kelamin`, `tgl_lahir`, `tempat_lahir`, `agama`, `pendidikan`, `pekerjaan`, `hubungan`, `perkawinan`, `kewarganegaraan`, `nama_ayah`, `nama_ibu`, `nik`, `id_kk`, `id_rt`, `level`) VALUES ('A206WhDSmXeVHTsr', 'Siti Nurhidayah', '', 'Perempuan', '2000-10-20', 'Wonogiri', 'Islam', 'SMA', 'Karyawan Swasta', 'Istri', 'Kawin', 'WNI', 'Supranyoto', 'Sri Rahayu', '3312166010000003', 'K079lxqbThIIVrDJ', 'jfeed001jddSWc', 'anggota_kk');
INSERT INTO `tb_anggota` (`id_anggota`, `nama`, `no_hp_anggota`, `jenis_kelamin`, `tgl_lahir`, `tempat_lahir`, `agama`, `pendidikan`, `pekerjaan`, `hubungan`, `perkawinan`, `kewarganegaraan`, `nama_ayah`, `nama_ibu`, `nik`, `id_kk`, `id_rt`, `level`) VALUES ('A207ooqW91IxHwzM', 'Candra Kahesti', '', 'Perempuan', '2022-08-29', 'Ponorogo', 'Islam', 'Tidak Sekolah', 'Belum/Tidak Bekerja', 'Anak', 'Belum Kawin', 'WNI', '', '', '3502116908220001', 'K079lxqbThIIVrDJ', 'jfeed001jddSWc', 'anggota_kk');
INSERT INTO `tb_anggota` (`id_anggota`, `nama`, `no_hp_anggota`, `jenis_kelamin`, `tgl_lahir`, `tempat_lahir`, `agama`, `pendidikan`, `pekerjaan`, `hubungan`, `perkawinan`, `kewarganegaraan`, `nama_ayah`, `nama_ibu`, `nik`, `id_kk`, `id_rt`, `level`) VALUES ('A208bBrkukdkSt99', 'Viky Romliudin', '62895399274933', 'Laki-laki', '1997-02-08', 'Ponorogo', 'Islam', 'SMA', 'Karyawan Swasta', 'Kepala Keluarga', 'Kawin', 'WNI', 'Makrub', 'Parmiati Oktavia', '3502150802970002', 'K0808auPXPqYuFOB', 'jfeed001jddSWc', 'anggota_kk');
INSERT INTO `tb_anggota` (`id_anggota`, `nama`, `no_hp_anggota`, `jenis_kelamin`, `tgl_lahir`, `tempat_lahir`, `agama`, `pendidikan`, `pekerjaan`, `hubungan`, `perkawinan`, `kewarganegaraan`, `nama_ayah`, `nama_ibu`, `nik`, `id_kk`, `id_rt`, `level`) VALUES ('A209JFozTQEjP0Sf', 'Rini Setyaningsih', '62895399274933', 'Perempuan', '1999-04-27', 'Ponorogo', 'Islam', 'SMA', 'Karyawan Swasta', 'Istri', 'Kawin', 'WNI', 'Sumeri', 'Suparmi', '3502116704990002', 'K0808auPXPqYuFOB', 'jfeed001jddSWc', 'anggota_kk');
INSERT INTO `tb_anggota` (`id_anggota`, `nama`, `no_hp_anggota`, `jenis_kelamin`, `tgl_lahir`, `tempat_lahir`, `agama`, `pendidikan`, `pekerjaan`, `hubungan`, `perkawinan`, `kewarganegaraan`, `nama_ayah`, `nama_ibu`, `nik`, `id_kk`, `id_rt`, `level`) VALUES ('A2108qazKnFf3XAG', 'Bryan Alvaro Alauddi  Pratama', '', 'Laki-laki', '2023-07-28', 'Ponorogo', 'Islam', 'Tidak Sekolah', 'Belum/Tidak Bekerja', 'Anak', 'Belum Kawin', 'WNI', '', '', '3502112807230001', 'K0808auPXPqYuFOB', 'jfeed001jddSWc', 'anggota_kk');
INSERT INTO `tb_anggota` (`id_anggota`, `nama`, `no_hp_anggota`, `jenis_kelamin`, `tgl_lahir`, `tempat_lahir`, `agama`, `pendidikan`, `pekerjaan`, `hubungan`, `perkawinan`, `kewarganegaraan`, `nama_ayah`, `nama_ibu`, `nik`, `id_kk`, `id_rt`, `level`) VALUES ('A211SfryF3woKUBp', 'Triyono Widodo', '6281226862255', 'Laki-laki', '1978-04-24', 'Ponorogo', 'Islam', 'SMA', 'Buruh Harian Lepas', 'Kepala Keluarga', 'Kawin', 'WNI', '', '', '3502102804780003', 'K0815HXZF117ZhyV', 'RT001ObJGvbrHwCBz', 'anggota_kk');
INSERT INTO `tb_anggota` (`id_anggota`, `nama`, `no_hp_anggota`, `jenis_kelamin`, `tgl_lahir`, `tempat_lahir`, `agama`, `pendidikan`, `pekerjaan`, `hubungan`, `perkawinan`, `kewarganegaraan`, `nama_ayah`, `nama_ibu`, `nik`, `id_kk`, `id_rt`, `level`) VALUES ('A212gCc8LNIrluGi', 'Linda Nuryani', '6281226862255', 'Perempuan', '1987-08-23', 'Ponorogo', 'Islam', 'SMA', 'Mengurus Rumah Tangga', 'Istri', 'Kawin', 'WNI', 'Sunarno', 'Yahmi', '350211630887001', 'K0815HXZF117ZhyV', 'RT001ObJGvbrHwCBz', 'anggota_kk');
INSERT INTO `tb_anggota` (`id_anggota`, `nama`, `no_hp_anggota`, `jenis_kelamin`, `tgl_lahir`, `tempat_lahir`, `agama`, `pendidikan`, `pekerjaan`, `hubungan`, `perkawinan`, `kewarganegaraan`, `nama_ayah`, `nama_ibu`, `nik`, `id_kk`, `id_rt`, `level`) VALUES ('A213IwwmowV75knY', 'Al Ghaizan Hafidz Thabrani', '6281226862255', 'Laki-laki', '2020-05-14', 'Ponorogo', 'Islam', 'Tidak Sekolah', 'Belum/Tidak Bekerja', 'Anak', 'Belum Kawin', 'WNI', 'Triyono Widodo', 'Linda Nuryani', '3502111405200002', 'K0815HXZF117ZhyV', 'RT001ObJGvbrHwCBz', 'anggota_kk');
INSERT INTO `tb_anggota` (`id_anggota`, `nama`, `no_hp_anggota`, `jenis_kelamin`, `tgl_lahir`, `tempat_lahir`, `agama`, `pendidikan`, `pekerjaan`, `hubungan`, `perkawinan`, `kewarganegaraan`, `nama_ayah`, `nama_ibu`, `nik`, `id_kk`, `id_rt`, `level`) VALUES ('A214TVXsaRlv9RD9', 'Parni', '', 'Laki-laki', '1942-06-30', 'Ponorogo', 'Islam', 'SD', 'Belum/Tidak Bekerja', 'Kepala Keluarga', 'Cerai Mati', 'WNI', '', '', '3502113006420115', 'K082eAY8FEI7Gs8u', 'RT001ObJGvbrHwCBz', 'anggota_kk');
INSERT INTO `tb_anggota` (`id_anggota`, `nama`, `no_hp_anggota`, `jenis_kelamin`, `tgl_lahir`, `tempat_lahir`, `agama`, `pendidikan`, `pekerjaan`, `hubungan`, `perkawinan`, `kewarganegaraan`, `nama_ayah`, `nama_ibu`, `nik`, `id_kk`, `id_rt`, `level`) VALUES ('A215H5vxxucFDagS', 'Gunarti', '', 'Perempuan', '1955-05-04', 'Ponorogo', 'Islam', 'SMP', 'Petani/Pekebun', 'Kepala Keluarga', 'Cerai Mati', 'WNI', '', '', '3502114405550001', 'K083wDot7dK7Qout', 'RT001ObJGvbrHwCBz', 'anggota_kk');
INSERT INTO `tb_anggota` (`id_anggota`, `nama`, `no_hp_anggota`, `jenis_kelamin`, `tgl_lahir`, `tempat_lahir`, `agama`, `pendidikan`, `pekerjaan`, `hubungan`, `perkawinan`, `kewarganegaraan`, `nama_ayah`, `nama_ibu`, `nik`, `id_kk`, `id_rt`, `level`) VALUES ('A216anin90jX5cpl', 'Jemono', '6282335431486', 'Laki-laki', '1972-08-27', 'Ponorogo', 'Islam', 'SMP', 'Petani/Pekebun', 'Kepala Keluarga', 'Kawin', 'WNI', '', '', '3502112708720004', 'K084xNXDEztRERUt', 'RT001ObJGvbrHwCBz', 'anggota_kk');
INSERT INTO `tb_anggota` (`id_anggota`, `nama`, `no_hp_anggota`, `jenis_kelamin`, `tgl_lahir`, `tempat_lahir`, `agama`, `pendidikan`, `pekerjaan`, `hubungan`, `perkawinan`, `kewarganegaraan`, `nama_ayah`, `nama_ibu`, `nik`, `id_kk`, `id_rt`, `level`) VALUES ('A217fWmB2gnCYaXa', 'Narti', '6282335431486', 'Perempuan', '1977-05-12', 'Ponorogo', 'Islam', 'SMA', 'Mengurus Rumah Tangga', 'Istri', 'Kawin', 'WNI', '', '', '3502115205770004', 'K084xNXDEztRERUt', 'RT001ObJGvbrHwCBz', 'anggota_kk');


#
# TABLE STRUCTURE FOR: tb_data_lain
#

DROP TABLE IF EXISTS `tb_data_lain`;

CREATE TABLE `tb_data_lain` (
  `id_data_lain` varchar(50) NOT NULL,
  `nama` varchar(100) NOT NULL,
  `nik` varchar(16) NOT NULL,
  `jenis_kelamin` varchar(20) NOT NULL,
  `alamat` text NOT NULL,
  `keterangan` varchar(50) NOT NULL,
  `tanggal` date NOT NULL,
  `id_rt` varchar(50) NOT NULL,
  PRIMARY KEY (`id_data_lain`),
  KEY `id_rt` (`id_rt`)
) ENGINE=MyISAM DEFAULT CHARSET=utf8 COLLATE=utf8_general_ci;

INSERT INTO `tb_data_lain` (`id_data_lain`, `nama`, `nik`, `jenis_kelamin`, `alamat`, `keterangan`, `tanggal`, `id_rt`) VALUES ('D001lXuZPDPRMbB7', 'Saminah', '3502114904530001', 'Perempuan', 'Jl. Gajah Mada  Dkh. Medelan', 'Meninggal', '2022-12-31', 'jfeed001jddSWc');
INSERT INTO `tb_data_lain` (`id_data_lain`, `nama`, `nik`, `jenis_kelamin`, `alamat`, `keterangan`, `tanggal`, `id_rt`) VALUES ('D0026p6ivs6HvtFO', 'Kademo', '3502111505530002', 'Laki-laki', 'Jl. H. Agus salim Dkh. Medelan', 'Meninggal', '2023-04-01', 'jfeed001jddSWc');
INSERT INTO `tb_data_lain` (`id_data_lain`, `nama`, `nik`, `jenis_kelamin`, `alamat`, `keterangan`, `tanggal`, `id_rt`) VALUES ('D005RRNORauJHc7H', 'Katinem', '3502111211011229', 'Perempuan', 'Jl. H. Agus salim Dkh. Medelan', 'Meninggal', '2023-09-07', 'jfeed001jddSWc');
INSERT INTO `tb_data_lain` (`id_data_lain`, `nama`, `nik`, `jenis_kelamin`, `alamat`, `keterangan`, `tanggal`, `id_rt`) VALUES ('D004wrGeTCe4nIhZ', 'Eka Mardyani', '000', 'Laki-laki', 'Jl. Agus salim Dkh. Medelan', 'Lainnya', '2023-06-02', 'jfeed001jddSWc');


#
# TABLE STRUCTURE FOR: tb_informasi
#

DROP TABLE IF EXISTS `tb_informasi`;

CREATE TABLE `tb_informasi` (
  `id_informasi` varchar(50) NOT NULL,
  `informasi` text NOT NULL,
  `berkas` text NOT NULL,
  PRIMARY KEY (`id_informasi`)
) ENGINE=InnoDB DEFAULT CHARSET=utf8mb4 COLLATE=utf8mb4_general_ci;

INSERT INTO `tb_informasi` (`id_informasi`, `informasi`, `berkas`) VALUES ('I0015LKklU', '<p><span style=\"font-size:22px\"><strong>Selamat Datang Di Web Data Penduduk Ds. Jalen</strong></span></p>\r\n\r\n<p><span style=\"font-size:14px\"><strong>1. Web app ini masih dalam pengembangan, mohon pengertiannya jika nanti menemui suatu error</strong></span></p>\r\n\r\n<p><span style=\"font-size:14px\"><strong>2. untuk info lebih lanjut bisa menghubungi cs@kassandra.my.id sbg dari pengembangan web</strong></span></p>\r\n', '');


#
# TABLE STRUCTURE FOR: tb_kk
#

DROP TABLE IF EXISTS `tb_kk`;

CREATE TABLE `tb_kk` (
  `id_kk` varchar(50) NOT NULL,
  `no_kk` varchar(50) NOT NULL,
  `nama_kk` varchar(255) NOT NULL,
  `alamat` varchar(255) NOT NULL,
  `no_hp` varchar(50) NOT NULL,
  `foto_kk` text NOT NULL,
  `id_rt` varchar(50) NOT NULL,
  `id_maps` varchar(50) NOT NULL,
  `tgl_update` datetime NOT NULL,
  `uuid` text NOT NULL,
  `level` varchar(50) NOT NULL DEFAULT 'kepala_kk',
  PRIMARY KEY (`id_kk`),
  KEY `id_rt` (`id_rt`),
  KEY `id_maps` (`id_maps`),
  CONSTRAINT `tb_kk_ibfk_1` FOREIGN KEY (`id_rt`) REFERENCES `tb_rt` (`id_rt`) ON UPDATE CASCADE
) ENGINE=InnoDB DEFAULT CHARSET=utf8mb4 COLLATE=utf8mb4_general_ci;

INSERT INTO `tb_kk` (`id_kk`, `no_kk`, `nama_kk`, `alamat`, `no_hp`, `foto_kk`, `id_rt`, `id_maps`, `tgl_update`, `uuid`, `level`) VALUES ('K001MehsVaetEa2N', '3502112407070001', 'Mualif Syaiful Bakri', 'Jl. Gajah Mada Dkh. Medelan', '000', 'Mualif Syaiful Bakri_6447bc0d1a4fa.jpg', 'jfeed001jddSWc', '', '0000-00-00 00:00:00', '', 'kepala_kk');
INSERT INTO `tb_kk` (`id_kk`, `no_kk`, `nama_kk`, `alamat`, `no_hp`, `foto_kk`, `id_rt`, `id_maps`, `tgl_update`, `uuid`, `level`) VALUES ('K003OsocExjAHR9C', '3502110405210001', 'Soiman', 'Jl. H. Agus salim Dkh. Medelan', '000', 'Soiman_658168f12e46a.jpg', 'jfeed001jddSWc', '', '2023-12-19 16:57:05', '', 'kepala_kk');
INSERT INTO `tb_kk` (`id_kk`, `no_kk`, `nama_kk`, `alamat`, `no_hp`, `foto_kk`, `id_rt`, `id_maps`, `tgl_update`, `uuid`, `level`) VALUES ('K004pP0LF3wzmZ8n', '3502111211011026', 'Sabar Wahyu Eko', 'Jl. H. Agus salim Dkh. Medelan', '62882009962529', '', 'jfeed001jddSWc', '', '2023-05-06 21:38:42', 'Q4ahvzefDxaWIyQXOge3', 'kepala_kk');
INSERT INTO `tb_kk` (`id_kk`, `no_kk`, `nama_kk`, `alamat`, `no_hp`, `foto_kk`, `id_rt`, `id_maps`, `tgl_update`, `uuid`, `level`) VALUES ('K005RXmpF9ZtSCWB', '3502111211011085', 'Daman', 'Jl. H. Agus salim Dkh. Medelan', '6289606790384', 'Daman_658169207e319.jpg', 'jfeed001jddSWc', '', '2023-12-19 16:57:55', 'jWvKuUxXcRp9Qn951lnm', 'kepala_kk');
INSERT INTO `tb_kk` (`id_kk`, `no_kk`, `nama_kk`, `alamat`, `no_hp`, `foto_kk`, `id_rt`, `id_maps`, `tgl_update`, `uuid`, `level`) VALUES ('K006gUBXiLTI9bOs', '3502112106120004', 'Katminah', 'Jl. Gajah Mada Dkh. Medelan', '', '', 'jfeed001jddSWc', '', '2023-05-08 07:42:52', '', 'kepala_kk');
INSERT INTO `tb_kk` (`id_kk`, `no_kk`, `nama_kk`, `alamat`, `no_hp`, `foto_kk`, `id_rt`, `id_maps`, `tgl_update`, `uuid`, `level`) VALUES ('K0070qNMsxZMFg01', '3502111211011090', 'Tukirin', 'Jl. H. Agus salim Dkh. Medelan', '6285235427455', 'Tukirin_6581681a2e9ca.jpg', 'jfeed001jddSWc', '', '2023-12-19 16:53:30', '', 'kepala_kk');
INSERT INTO `tb_kk` (`id_kk`, `no_kk`, `nama_kk`, `alamat`, `no_hp`, `foto_kk`, `id_rt`, `id_maps`, `tgl_update`, `uuid`, `level`) VALUES ('K008dUIAZdcevUWL', '3502111211011078', 'Rukiati', 'Jl. H. Agus salim Dkh. Medelan', '6285335601045', 'Rukiati_6581694718d24.jpg', 'jfeed001jddSWc', '', '2023-12-19 16:58:31', '', 'kepala_kk');
INSERT INTO `tb_kk` (`id_kk`, `no_kk`, `nama_kk`, `alamat`, `no_hp`, `foto_kk`, `id_rt`, `id_maps`, `tgl_update`, `uuid`, `level`) VALUES ('K009bjkSYfnh84su', '3502111211011017', 'Soirin', 'Jl. H. Agus salim Dkh. Medelan', '', 'Soirin_658166da1d284.jpg', 'jfeed001jddSWc', '', '2023-12-19 16:48:10', '', 'kepala_kk');
INSERT INTO `tb_kk` (`id_kk`, `no_kk`, `nama_kk`, `alamat`, `no_hp`, `foto_kk`, `id_rt`, `id_maps`, `tgl_update`, `uuid`, `level`) VALUES ('K010FPZUB5cisHwQ', '3502112906200005', 'Untung Kurniawan', 'Jl. H. Agus salim Dkh. Medelan', '', 'Untung Kurniawan_65816882385b8.jpg', 'jfeed001jddSWc', '', '2023-12-19 16:55:14', 'OsFs9MoT5Y9tTnU8unxx', 'kepala_kk');
INSERT INTO `tb_kk` (`id_kk`, `no_kk`, `nama_kk`, `alamat`, `no_hp`, `foto_kk`, `id_rt`, `id_maps`, `tgl_update`, `uuid`, `level`) VALUES ('K0117Y95lrIElKw6', '3502110908210006', 'Heri Komarudin', 'Jl. H. Agus salim Dkh. Medelan', '6287758247146', 'Heri Komarudin_6581684f70dce.jpg', 'jfeed001jddSWc', '', '2023-12-19 16:54:23', 'IfQGhrj6WPOyof9fImwb', 'kepala_kk');
INSERT INTO `tb_kk` (`id_kk`, `no_kk`, `nama_kk`, `alamat`, `no_hp`, `foto_kk`, `id_rt`, `id_maps`, `tgl_update`, `uuid`, `level`) VALUES ('K0139RyJOAPgdWT3', '3502111211011105', 'Toekemi', 'Jl. H. Agus salim Dkh. Medelan', '', '', 'jfeed001jddSWc', '', '2023-05-08 07:44:06', '', 'kepala_kk');
INSERT INTO `tb_kk` (`id_kk`, `no_kk`, `nama_kk`, `alamat`, `no_hp`, `foto_kk`, `id_rt`, `id_maps`, `tgl_update`, `uuid`, `level`) VALUES ('K014W70zQp9TNY0Q', '3502110504210002', 'Triono Aziz', 'Jl. H. Agus salim Dkh. Medelan', '6281386125529', 'Triono Aziz_6450594b52267.jpg', 'jfeed001jddSWc', '', '2023-05-06 21:41:12', '', 'kepala_kk');
INSERT INTO `tb_kk` (`id_kk`, `no_kk`, `nama_kk`, `alamat`, `no_hp`, `foto_kk`, `id_rt`, `id_maps`, `tgl_update`, `uuid`, `level`) VALUES ('K015Edz9adhZimjc', '3502111211011119', 'Simpen', 'Jl. H. Agus salim Dkh. Medelan', '6285391437173', '', 'jfeed001jddSWc', '', '2023-05-06 21:22:43', '', 'kepala_kk');
INSERT INTO `tb_kk` (`id_kk`, `no_kk`, `nama_kk`, `alamat`, `no_hp`, `foto_kk`, `id_rt`, `id_maps`, `tgl_update`, `uuid`, `level`) VALUES ('K016GBEYKaYg1yN9', '3502111211011129', 'Tukiman', 'Jl. H. Agus salim Dkh. Medelan', '6282225634392', 'Tukiman_658165e6321f9.jpg', 'jfeed001jddSWc', '', '2023-12-19 16:44:10', 'TBcmqj8fikrMvzT62Gez', 'kepala_kk');
INSERT INTO `tb_kk` (`id_kk`, `no_kk`, `nama_kk`, `alamat`, `no_hp`, `foto_kk`, `id_rt`, `id_maps`, `tgl_update`, `uuid`, `level`) VALUES ('K017xqguFmY5WwBP', '3502111405050001', 'Katini', 'Jl. H. Agus salim Dkh. Medelan', '6281386125529', '', 'jfeed001jddSWc', '', '2023-05-07 08:07:05', '', 'kepala_kk');
INSERT INTO `tb_kk` (`id_kk`, `no_kk`, `nama_kk`, `alamat`, `no_hp`, `foto_kk`, `id_rt`, `id_maps`, `tgl_update`, `uuid`, `level`) VALUES ('K018akXmYW8gg3tM', '3502111211011108', 'Toimin', 'Jl. H. Agus salim Dkh. Medelan', '6285730799367', '', 'jfeed001jddSWc', '', '2023-05-07 08:09:19', '', 'kepala_kk');
INSERT INTO `tb_kk` (`id_kk`, `no_kk`, `nama_kk`, `alamat`, `no_hp`, `foto_kk`, `id_rt`, `id_maps`, `tgl_update`, `uuid`, `level`) VALUES ('K019pSNj5PxK6Wlk', '3502111906170001', 'drh. Trianto Nur Abdulah', 'Jl. H. Agus salim Dkh. Medelan', '6285730799367', '', 'jfeed001jddSWc', '', '2023-05-07 06:59:40', '', 'kepala_kk');
INSERT INTO `tb_kk` (`id_kk`, `no_kk`, `nama_kk`, `alamat`, `no_hp`, `foto_kk`, `id_rt`, `id_maps`, `tgl_update`, `uuid`, `level`) VALUES ('K020ncfRRaAYaFGl', '3502110203180006', 'Kayatin', 'Jl. H. Agus salim Dkh. Medelan', '6285391437173', '', 'jfeed001jddSWc', '', '2023-05-06 21:08:26', '', 'kepala_kk');
INSERT INTO `tb_kk` (`id_kk`, `no_kk`, `nama_kk`, `alamat`, `no_hp`, `foto_kk`, `id_rt`, `id_maps`, `tgl_update`, `uuid`, `level`) VALUES ('K021d3RVjWGnR2tD', '3502111211011123', 'Tolu', 'Jl. H. Agus salim Dkh. Medelan', '', '', 'jfeed001jddSWc', '', '2023-05-08 07:44:27', '', 'kepala_kk');
INSERT INTO `tb_kk` (`id_kk`, `no_kk`, `nama_kk`, `alamat`, `no_hp`, `foto_kk`, `id_rt`, `id_maps`, `tgl_update`, `uuid`, `level`) VALUES ('K022r5xHc5i0Cr0O', '3502111011010730', 'Slamet Sunaryanto, BA', 'Jl. Gajah Mada Dkh. Medelan', '6281273951193', '', 'jfeed001jddSWc', '', '2023-05-06 21:09:55', '', 'kepala_kk');
INSERT INTO `tb_kk` (`id_kk`, `no_kk`, `nama_kk`, `alamat`, `no_hp`, `foto_kk`, `id_rt`, `id_maps`, `tgl_update`, `uuid`, `level`) VALUES ('K023TugOH05pP21W', '3502110909090002', 'Agus Dwi Sofyan Hadi, S.Pd', 'Jl. H. Agus salim Dkh. Medelan', '6281249408554', '', 'jfeed001jddSWc', '', '2023-08-26 22:27:52', 'uqgP7o30YJFC7lUMlgl7', 'kepala_kk');
INSERT INTO `tb_kk` (`id_kk`, `no_kk`, `nama_kk`, `alamat`, `no_hp`, `foto_kk`, `id_rt`, `id_maps`, `tgl_update`, `uuid`, `level`) VALUES ('K024FakApdSIjgQr', '350211109160001', 'Solikin', 'Jl. H. Agus salim Dkh. Medelan', '628393388530', 'Solikin_658167b3b5071.jpg', 'jfeed001jddSWc', '', '2023-12-19 16:51:48', 'zkfPdOrqlKZi2nPuggpa', 'kepala_kk');
INSERT INTO `tb_kk` (`id_kk`, `no_kk`, `nama_kk`, `alamat`, `no_hp`, `foto_kk`, `id_rt`, `id_maps`, `tgl_update`, `uuid`, `level`) VALUES ('K025IRLC17kGYj1M', '3502111211011212', 'Sucipto', 'Jl. H. Agus salim Dkh. Medelan', '6285761853060', 'Sucipto_658167ec25499.jpg', 'jfeed001jddSWc', '', '2023-12-19 16:52:47', '', 'kepala_kk');
INSERT INTO `tb_kk` (`id_kk`, `no_kk`, `nama_kk`, `alamat`, `no_hp`, `foto_kk`, `id_rt`, `id_maps`, `tgl_update`, `uuid`, `level`) VALUES ('K026bNO16uCzCB7T', '3502111211011173', 'Bolo', 'Jl. H. Agus salim Dkh. Medelan', '6281555435593', '', 'jfeed001jddSWc', '', '2023-08-16 11:58:00', '', 'kepala_kk');
INSERT INTO `tb_kk` (`id_kk`, `no_kk`, `nama_kk`, `alamat`, `no_hp`, `foto_kk`, `id_rt`, `id_maps`, `tgl_update`, `uuid`, `level`) VALUES ('K0271U5oYnhUAsEe', '3502111808210007', 'Sanem', 'Jl. H. Agus salim Dkh. Medelan', '', 'Sanem_65816977ac2e4.jpg', 'jfeed001jddSWc', '', '2023-12-19 16:59:19', '', 'kepala_kk');
INSERT INTO `tb_kk` (`id_kk`, `no_kk`, `nama_kk`, `alamat`, `no_hp`, `foto_kk`, `id_rt`, `id_maps`, `tgl_update`, `uuid`, `level`) VALUES ('K028U09hrJ44Kjh2', '3502111211011198', 'Mudji Wahjuti', 'Jl. H. Agus salim Dkh. Medelan', '6283135856368', '', 'jfeed001jddSWc', '', '2023-05-07 07:04:11', '', 'kepala_kk');
INSERT INTO `tb_kk` (`id_kk`, `no_kk`, `nama_kk`, `alamat`, `no_hp`, `foto_kk`, `id_rt`, `id_maps`, `tgl_update`, `uuid`, `level`) VALUES ('K029trPqu9oSbr5C', '3502111211011181', 'Dasri', 'Jl. Gajah Mada Dkh. Medelan', '6285259732702', '', 'jfeed001jddSWc', '', '2023-05-06 21:21:43', '', 'kepala_kk');
INSERT INTO `tb_kk` (`id_kk`, `no_kk`, `nama_kk`, `alamat`, `no_hp`, `foto_kk`, `id_rt`, `id_maps`, `tgl_update`, `uuid`, `level`) VALUES ('K031T0yHeXCTUYlp', '3502112510190002', 'Mashud Isma Hardika', 'Jl. H. Agus salim Dkh. Medelan', '6282232122122', 'Mashud Isma Hardika_658168b77feda.jpg', 'jfeed001jddSWc', '', '2023-12-19 16:56:07', '', 'kepala_kk');
INSERT INTO `tb_kk` (`id_kk`, `no_kk`, `nama_kk`, `alamat`, `no_hp`, `foto_kk`, `id_rt`, `id_maps`, `tgl_update`, `uuid`, `level`) VALUES ('K032Jy4JCwSe2zZq', '3502111211011140', 'Mesianah', 'Jl. Gajah Mada Dkh. Medelan', '6285235106021', '', 'jfeed001jddSWc', '', '2023-05-06 21:01:28', '', 'kepala_kk');
INSERT INTO `tb_kk` (`id_kk`, `no_kk`, `nama_kk`, `alamat`, `no_hp`, `foto_kk`, `id_rt`, `id_maps`, `tgl_update`, `uuid`, `level`) VALUES ('K033Nr2Lsy7G3yB8', '3502111211011101', 'Djaimun', 'Jl. H. Agus salim Dkh. Medelan', '6289666390182', 'Djaimun_658169b0a019a.jpg', 'jfeed001jddSWc', '', '2023-12-19 17:00:16', '', 'kepala_kk');
INSERT INTO `tb_kk` (`id_kk`, `no_kk`, `nama_kk`, `alamat`, `no_hp`, `foto_kk`, `id_rt`, `id_maps`, `tgl_update`, `uuid`, `level`) VALUES ('K034fbRFqSk97LaA', '3502111211011009', 'Bandi', 'Jl. H. Agus salim Dkh. Medelan', '625852518697', 'Bandi_65816736d0bc9.jpg', 'jfeed001jddSWc', '', '2023-12-19 16:49:43', '', 'kepala_kk');
INSERT INTO `tb_kk` (`id_kk`, `no_kk`, `nama_kk`, `alamat`, `no_hp`, `foto_kk`, `id_rt`, `id_maps`, `tgl_update`, `uuid`, `level`) VALUES ('K035SZeO4gxtcsJ9', '3502111211010974', 'Sumeri', 'Jl. H. Agus salim Dkh. Medelan', '62895399274933', 'Sumeri_64e70c06c5fc4.jpg', 'jfeed001jddSWc', '', '2023-08-24 14:51:34', '', 'kepala_kk');
INSERT INTO `tb_kk` (`id_kk`, `no_kk`, `nama_kk`, `alamat`, `no_hp`, `foto_kk`, `id_rt`, `id_maps`, `tgl_update`, `uuid`, `level`) VALUES ('K036OZYkDkZPk28r', '3502111211010987', 'Mulyono', 'Jl. H. Agus salim Dkh. Medelan', '62816567221', 'Mulyono_658169e3261bd.jpg', 'jfeed001jddSWc', '', '2023-12-19 17:01:08', '', 'kepala_kk');
INSERT INTO `tb_kk` (`id_kk`, `no_kk`, `nama_kk`, `alamat`, `no_hp`, `foto_kk`, `id_rt`, `id_maps`, `tgl_update`, `uuid`, `level`) VALUES ('K037vFPNnVWmtG9Q', '3502110908060001', 'Khotimah', 'Jl. H. Agus salim Dkh. Medelan', '6285233681822', 'Khotimah_6581678c47fe4.jpg', 'jfeed001jddSWc', '', '2023-12-19 16:51:08', '', 'kepala_kk');
INSERT INTO `tb_kk` (`id_kk`, `no_kk`, `nama_kk`, `alamat`, `no_hp`, `foto_kk`, `id_rt`, `id_maps`, `tgl_update`, `uuid`, `level`) VALUES ('K038Gdpt47szDYCi', '3502111211011224', 'Djemitun', 'Jl. H. Agus salim Dkh. Medelan', '6285335086011', 'Djemitun_65816a0a32619.jpg', 'jfeed001jddSWc', '', '2023-12-19 17:01:46', '', 'kepala_kk');
INSERT INTO `tb_kk` (`id_kk`, `no_kk`, `nama_kk`, `alamat`, `no_hp`, `foto_kk`, `id_rt`, `id_maps`, `tgl_update`, `uuid`, `level`) VALUES ('K039d9YxCq9EuGd0', '3502111211011157', 'Misiran', 'Jl. H. Agus salim Dkh. Medelan', '6281342242231', '', 'jfeed001jddSWc', '', '2023-05-06 21:08:12', '', 'kepala_kk');
INSERT INTO `tb_kk` (`id_kk`, `no_kk`, `nama_kk`, `alamat`, `no_hp`, `foto_kk`, `id_rt`, `id_maps`, `tgl_update`, `uuid`, `level`) VALUES ('K040thSVuKjOFU8a', '3502111211010959', 'Boyadi', 'Jl. H. Agus salim Dkh. Medelan', '6287830115538', 'Boyadi_65816a2eddf14.jpg', 'jfeed001jddSWc', '', '2023-12-19 17:02:25', '', 'kepala_kk');
INSERT INTO `tb_kk` (`id_kk`, `no_kk`, `nama_kk`, `alamat`, `no_hp`, `foto_kk`, `id_rt`, `id_maps`, `tgl_update`, `uuid`, `level`) VALUES ('K041kJdp27DRbSKX', '3502112004220005', 'Sinem', 'Jl. H. Agus salim Dkh. Medelan', '', 'Sinem_65816a73479c6.jpg', 'jfeed001jddSWc', '', '2023-12-19 17:03:31', '', 'kepala_kk');
INSERT INTO `tb_kk` (`id_kk`, `no_kk`, `nama_kk`, `alamat`, `no_hp`, `foto_kk`, `id_rt`, `id_maps`, `tgl_update`, `uuid`, `level`) VALUES ('K042ksAURyqAYxhH', '3502111907210001', 'Rikky Ady Prasetyo Hidayatulloh Hadi Mujiatmoko', 'Jl. H. Agus salim Dkh. Medelan', '6282338599594', 'Rikky Ady Prasetyo Hidayatulloh Hadi Mujiatmoko_65816ab1000cb.jpg', 'jfeed001jddSWc', '', '2023-12-19 17:04:33', '', 'kepala_kk');
INSERT INTO `tb_kk` (`id_kk`, `no_kk`, `nama_kk`, `alamat`, `no_hp`, `foto_kk`, `id_rt`, `id_maps`, `tgl_update`, `uuid`, `level`) VALUES ('K043q03lwrwQvQ4d', '3502110206210004', 'Joko Santoso', 'Jl. H. Agus salim Dkh. Medelan', '6285335601045', 'Joko Santoso_65816af5e0961.jpg', 'jfeed001jddSWc', '', '2023-12-19 17:05:42', '', 'kepala_kk');
INSERT INTO `tb_kk` (`id_kk`, `no_kk`, `nama_kk`, `alamat`, `no_hp`, `foto_kk`, `id_rt`, `id_maps`, `tgl_update`, `uuid`, `level`) VALUES ('K044Hiad4zsBPXUT', '3502111304230004', 'Dwi Susanto', 'Jl. H. Agus Salim Dkh. Medelan', '625852518697', 'Dwi Susanto_644cbc97b30c1.jpg', 'jfeed001jddSWc', '', '2023-08-16 12:07:07', '0IfJhtJzxRtoE0zgGLCI', 'kepala_kk');
INSERT INTO `tb_kk` (`id_kk`, `no_kk`, `nama_kk`, `alamat`, `no_hp`, `foto_kk`, `id_rt`, `id_maps`, `tgl_update`, `uuid`, `level`) VALUES ('K045mFmE7qMpgdUx', '3502111211011146', 'Katimah', 'Jl. Gajah Mada Dkh. Medelan', '', '', 'jfeed001jddSWc', '', '2023-05-08 07:43:11', '', 'kepala_kk');
INSERT INTO `tb_kk` (`id_kk`, `no_kk`, `nama_kk`, `alamat`, `no_hp`, `foto_kk`, `id_rt`, `id_maps`, `tgl_update`, `uuid`, `level`) VALUES ('K0463GX0g0tloMV6', '3502111512170001', 'Bambang Sihwiyana', 'Jl. Gajah Mada Dkh. Medelan', '6287887654321', '', 'jfeed001jddSWc', '', '2023-08-16 11:41:03', '', 'kepala_kk');
INSERT INTO `tb_kk` (`id_kk`, `no_kk`, `nama_kk`, `alamat`, `no_hp`, `foto_kk`, `id_rt`, `id_maps`, `tgl_update`, `uuid`, `level`) VALUES ('K0475ZWMqxfkUZZq', '3502111705090001', 'Suryokoco', 'Jl. H. Agus salim Dkh. Medelan', '6285132428075', 'Suryokoco_64778236bfd6b.jpg', 'jfeed001jddSWc', '', '2023-06-01 00:28:30', 'KIrOLLezV2TgkWq3UJAe', 'kepala_kk');
INSERT INTO `tb_kk` (`id_kk`, `no_kk`, `nama_kk`, `alamat`, `no_hp`, `foto_kk`, `id_rt`, `id_maps`, `tgl_update`, `uuid`, `level`) VALUES ('K048fp9DsNDqzv8R', '3502112102070001', 'Tri Efendi', 'Jl. H. Agus salim Dkh. Medelan', '6285608639832', '', 'jfeed001jddSWc', '', '2023-06-01 11:42:14', 'MPxya750dlV554h4YS17', 'kepala_kk');
INSERT INTO `tb_kk` (`id_kk`, `no_kk`, `nama_kk`, `alamat`, `no_hp`, `foto_kk`, `id_rt`, `id_maps`, `tgl_update`, `uuid`, `level`) VALUES ('K0493srDlhFevV3W', '3502112108080002', 'Juari', 'Jl. H. Agus salim Dkh. Medelan', '6281342242231', 'Juari_6477386b6d4a3.jpg', 'jfeed001jddSWc', '', '2023-05-31 19:13:00', 'r4QNWgbjJZNoVdwDuR8f', 'kepala_kk');
INSERT INTO `tb_kk` (`id_kk`, `no_kk`, `nama_kk`, `alamat`, `no_hp`, `foto_kk`, `id_rt`, `id_maps`, `tgl_update`, `uuid`, `level`) VALUES ('K050yYKacPQoVW3t', '3502112203110002', 'Triyono', 'Jl. H. Agus salim Dkh. Medelan', '62816567221', 'Triyono_6460694cac450.jpg', 'jfeed001jddSWc', '', '2023-05-31 23:58:49', 'GNsQBCeqFLh4mGnan3kx', 'kepala_kk');
INSERT INTO `tb_kk` (`id_kk`, `no_kk`, `nama_kk`, `alamat`, `no_hp`, `foto_kk`, `id_rt`, `id_maps`, `tgl_update`, `uuid`, `level`) VALUES ('K051IQCgSUxkRPkH', '3502112210140001', 'Supriono', 'Jl. H. Agus salim Dkh. Medelan', '', '', 'jfeed001jddSWc', '', '0000-00-00 00:00:00', 'DiN8foBwXlnaatzHUQQT', 'kepala_kk');
INSERT INTO `tb_kk` (`id_kk`, `no_kk`, `nama_kk`, `alamat`, `no_hp`, `foto_kk`, `id_rt`, `id_maps`, `tgl_update`, `uuid`, `level`) VALUES ('K052dAVkKfIe186e', '3502113012090003', 'Ahmad Saifudin', 'Jl. H. Agus salim Dkh. Medelan', '6289696628540', '', 'jfeed001jddSWc', '', '2023-06-04 23:58:42', 'ovb1BcoYAnvbulS1DEHQ', 'kepala_kk');
INSERT INTO `tb_kk` (`id_kk`, `no_kk`, `nama_kk`, `alamat`, `no_hp`, `foto_kk`, `id_rt`, `id_maps`, `tgl_update`, `uuid`, `level`) VALUES ('K053RZwEixPnPc9Y', '3502110905160001', 'Putut Sulistyo', 'Jl. H. Agus salim Dkh. Medelan', '628984160300', 'Putut Sulistyo_647832af84beb.jpg', 'jfeed001jddSWc', '', '2023-06-01 12:55:06', 'pcUt0yqRx6vpuT3FFnGu', 'kepala_kk');
INSERT INTO `tb_kk` (`id_kk`, `no_kk`, `nama_kk`, `alamat`, `no_hp`, `foto_kk`, `id_rt`, `id_maps`, `tgl_update`, `uuid`, `level`) VALUES ('K054vdV9mLqLOSPH', '3502110902090001', 'Sutikno', 'Jl. H. Agus salim Dkh. Medelan', '6282335277279', 'Sutikno_6581663cbae98.jpg', 'jfeed001jddSWc', '', '2023-12-19 16:45:35', 'Dn3sOQPFItQHRsdO5ZY9', 'kepala_kk');
INSERT INTO `tb_kk` (`id_kk`, `no_kk`, `nama_kk`, `alamat`, `no_hp`, `foto_kk`, `id_rt`, `id_maps`, `tgl_update`, `uuid`, `level`) VALUES ('K055cNBWUcRDKSvQ', '3502110610080006', 'Miswanto', 'Jl. H. Agus salim Dkh. Medelan', '6285335086011', '', 'jfeed001jddSWc', '', '2023-06-01 12:15:12', 'Wn8Oj9CbHTNpgaFMCqJ0', 'kepala_kk');
INSERT INTO `tb_kk` (`id_kk`, `no_kk`, `nama_kk`, `alamat`, `no_hp`, `foto_kk`, `id_rt`, `id_maps`, `tgl_update`, `uuid`, `level`) VALUES ('K056vWR3kMGrtNCU', '3502110507070001', 'Muh Zhamrin', 'Jl. H. Agus salim Dkh. Medelan', '62881036227698', 'Muh Zhamrin_6581666b6c25a.jpg', 'jfeed001jddSWc', '', '2023-12-19 16:46:22', 'OdIahQIaGPzZWPKZhmqG', 'kepala_kk');
INSERT INTO `tb_kk` (`id_kk`, `no_kk`, `nama_kk`, `alamat`, `no_hp`, `foto_kk`, `id_rt`, `id_maps`, `tgl_update`, `uuid`, `level`) VALUES ('K057mDlODdlOqb8i', '3502110911170002', 'Romdoni', 'Jl. Agus salim Dkh. Medelan', '6289666390182', 'Romdoni_6477d0478ceeb.jpeg', 'jfeed001jddSWc', '', '2023-06-01 18:21:06', 'FLUYc20rAAckKOubchAS', 'kepala_kk');
INSERT INTO `tb_kk` (`id_kk`, `no_kk`, `nama_kk`, `alamat`, `no_hp`, `foto_kk`, `id_rt`, `id_maps`, `tgl_update`, `uuid`, `level`) VALUES ('K058OizpIm9DFiuN', '3502111512010046', 'Rubi Hantoro', 'Jl. Agus salim Dkh. Medelan', '6281335438217', 'Rubi Hantoro_647884ce05224.jpg', 'jfeed001jddSWc', '', '2023-06-01 19:25:18', 'lZhk0ij2MoA4nF5cDPpN', 'kepala_kk');
INSERT INTO `tb_kk` (`id_kk`, `no_kk`, `nama_kk`, `alamat`, `no_hp`, `foto_kk`, `id_rt`, `id_maps`, `tgl_update`, `uuid`, `level`) VALUES ('K0597rZkxnD54fwK', '3502110311080004', 'Samodra', 'Jl. Agus salim Dkh. Medelan', '6285704283575', 'Samodra_6475ec04e5ac2.jpg', 'jfeed001jddSWc', '', '2023-06-01 00:05:30', 'davalrArvtNptfq5Ny6L', 'kepala_kk');
INSERT INTO `tb_kk` (`id_kk`, `no_kk`, `nama_kk`, `alamat`, `no_hp`, `foto_kk`, `id_rt`, `id_maps`, `tgl_update`, `uuid`, `level`) VALUES ('K0606KE7V79hG0mf', '3502111211011098', 'Aji Suwarno', 'Jl. Agus salim Dkh. Medelan', '6289606790384', 'Aji Suwarno_645f6c1d8fb97.jpg', 'jfeed001jddSWc', '', '2023-08-24 20:50:25', '90ocFmMureVMomBczWwU', 'kepala_kk');
INSERT INTO `tb_kk` (`id_kk`, `no_kk`, `nama_kk`, `alamat`, `no_hp`, `foto_kk`, `id_rt`, `id_maps`, `tgl_update`, `uuid`, `level`) VALUES ('K061MNVTZVukvhaU', '3502112712210001', 'Sudarno', 'Jl. H. Agus salim Dkh. Medelan', '081259346337', 'Darno_649ce74eeac1c.jpg', 'jfeed001jddSWc', '', '2023-07-06 07:16:25', '', 'kepala_kk');
INSERT INTO `tb_kk` (`id_kk`, `no_kk`, `nama_kk`, `alamat`, `no_hp`, `foto_kk`, `id_rt`, `id_maps`, `tgl_update`, `uuid`, `level`) VALUES ('K062EgeoT3hOSYph', '3502111405080001', 'Loso Iswanto', 'Jl. H. Agus salim Dkh. Medelan', '00', 'Loso_64a2ad1d8f6c2.jpg', 'jfeed001jddSWc', '', '2023-08-28 12:34:59', '', 'kepala_kk');
INSERT INTO `tb_kk` (`id_kk`, `no_kk`, `nama_kk`, `alamat`, `no_hp`, `foto_kk`, `id_rt`, `id_maps`, `tgl_update`, `uuid`, `level`) VALUES ('K064bCRHPjgJKAvD', '3502111211011040', 'Toirah', 'Jl. H. Agus Salim Dkh. Medelan', '00', 'Toirah_64a60efa5325f.jpg', 'jfeed001jddSWc', '', '2023-07-06 07:46:50', '', 'kepala_kk');
INSERT INTO `tb_kk` (`id_kk`, `no_kk`, `nama_kk`, `alamat`, `no_hp`, `foto_kk`, `id_rt`, `id_maps`, `tgl_update`, `uuid`, `level`) VALUES ('K065tLq3pXa4ezH7', '3502110708230003', 'Edy Sutrisno', 'Jl. H. Agus salim ', '6289695233930', 'Edy Sutrisno_64db0e84a2fab.jpg', 'jfeed001jddSWc', '', '2023-08-15 12:40:15', '', 'kepala_kk');
INSERT INTO `tb_kk` (`id_kk`, `no_kk`, `nama_kk`, `alamat`, `no_hp`, `foto_kk`, `id_rt`, `id_maps`, `tgl_update`, `uuid`, `level`) VALUES ('K066pX4dtYe2y4Ks', '3502112910090001', 'Tukinah', 'Jl. Teuku Umar ', '', 'Tukinah_64dc60a810c3f.jpg', 'RT001ObJGvbrHwCBz', '', '2023-08-16 12:37:47', '', 'kepala_kk');
INSERT INTO `tb_kk` (`id_kk`, `no_kk`, `nama_kk`, `alamat`, `no_hp`, `foto_kk`, `id_rt`, `id_maps`, `tgl_update`, `uuid`, `level`) VALUES ('K067eoxCtg2MBPtz', '3502112106190007', 'Danang Haris Kurniawan', 'Jl. Teuku Umar ', '085231117812', 'Danang Haris Kurniawan_64dc623716742.jpg', 'RT001ObJGvbrHwCBz', '', '2023-08-16 12:48:41', '', 'kepala_kk');
INSERT INTO `tb_kk` (`id_kk`, `no_kk`, `nama_kk`, `alamat`, `no_hp`, `foto_kk`, `id_rt`, `id_maps`, `tgl_update`, `uuid`, `level`) VALUES ('K068bjKquwEiPnYN', '3502111211010213', 'Joko Prasetyo', 'Jl. Teuku Umar ', '', 'Joko Prasetyo_64dc63da3b884.jpg', 'RT001ObJGvbrHwCBz', '', '2023-08-16 12:53:22', '', 'kepala_kk');
INSERT INTO `tb_kk` (`id_kk`, `no_kk`, `nama_kk`, `alamat`, `no_hp`, `foto_kk`, `id_rt`, `id_maps`, `tgl_update`, `uuid`, `level`) VALUES ('K069JMxPZR1lzUnu', '3502111211010132', 'Harno Susilo', 'Jl. Brawijaya', '62895396045025', '', 'RT001ObJGvbrHwCBz', '', '2023-08-16 13:03:53', '', 'kepala_kk');
INSERT INTO `tb_kk` (`id_kk`, `no_kk`, `nama_kk`, `alamat`, `no_hp`, `foto_kk`, `id_rt`, `id_maps`, `tgl_update`, `uuid`, `level`) VALUES ('K070JU0CE24N1NuF', '3502111211010139', 'Wardi', 'Jl. Brawijaya', '6285895396840', '', 'RT001ObJGvbrHwCBz', '', '2023-08-16 13:16:44', 'phD9tigr3z3SFXUYM5Ut', 'kepala_kk');
INSERT INTO `tb_kk` (`id_kk`, `no_kk`, `nama_kk`, `alamat`, `no_hp`, `foto_kk`, `id_rt`, `id_maps`, `tgl_update`, `uuid`, `level`) VALUES ('K071ZyQTeNuqKhiK', '3502111211010028', 'Paryam', 'Jl. Brawijaya', '6281617882735', '', 'RT001ObJGvbrHwCBz', '', '2023-08-16 13:22:07', '', 'kepala_kk');
INSERT INTO `tb_kk` (`id_kk`, `no_kk`, `nama_kk`, `alamat`, `no_hp`, `foto_kk`, `id_rt`, `id_maps`, `tgl_update`, `uuid`, `level`) VALUES ('K0728tezyywJQGue', '3502111907170004', 'Khoirul Muchson', 'Jl. Gajah Mada', '6285232724945', '', 'RT001ObJGvbrHwCBz', '', '2023-08-16 13:29:32', '', 'kepala_kk');
INSERT INTO `tb_kk` (`id_kk`, `no_kk`, `nama_kk`, `alamat`, `no_hp`, `foto_kk`, `id_rt`, `id_maps`, `tgl_update`, `uuid`, `level`) VALUES ('K073SXdbfcX5t6uV', '3502113006110003', 'Suhartono', 'Jl. Brawijaya', '6282335431483', '', 'RT001ObJGvbrHwCBz', '', '2023-08-16 13:36:47', '', 'kepala_kk');
INSERT INTO `tb_kk` (`id_kk`, `no_kk`, `nama_kk`, `alamat`, `no_hp`, `foto_kk`, `id_rt`, `id_maps`, `tgl_update`, `uuid`, `level`) VALUES ('K074rzyZJEWouDIy', '3502111211010031', 'Soinem', 'Jl. Brawijaya', '', '', 'RT001ObJGvbrHwCBz', '', '2023-08-16 13:39:21', '', 'kepala_kk');
INSERT INTO `tb_kk` (`id_kk`, `no_kk`, `nama_kk`, `alamat`, `no_hp`, `foto_kk`, `id_rt`, `id_maps`, `tgl_update`, `uuid`, `level`) VALUES ('K075rfMIFIMjtSSP', '3502111211010145', 'Di\'in', 'Jl. Brawijaya', '', '', 'RT001ObJGvbrHwCBz', '', '2023-08-16 13:42:42', '', 'kepala_kk');
INSERT INTO `tb_kk` (`id_kk`, `no_kk`, `nama_kk`, `alamat`, `no_hp`, `foto_kk`, `id_rt`, `id_maps`, `tgl_update`, `uuid`, `level`) VALUES ('K076BH50xPIRiv1e', '350211210411001', 'Heri Purnomo', 'Jl. Brawijaya', '6285784702063', '', 'RT001ObJGvbrHwCBz', '', '2023-08-16 13:51:51', '', 'kepala_kk');
INSERT INTO `tb_kk` (`id_kk`, `no_kk`, `nama_kk`, `alamat`, `no_hp`, `foto_kk`, `id_rt`, `id_maps`, `tgl_update`, `uuid`, `level`) VALUES ('K077kiYWaoRGzDqg', '3502111211010022', 'Sunarno', 'Jl. Brawijaya', '', '', 'RT001ObJGvbrHwCBz', '', '2023-08-16 13:55:55', '', 'kepala_kk');
INSERT INTO `tb_kk` (`id_kk`, `no_kk`, `nama_kk`, `alamat`, `no_hp`, `foto_kk`, `id_rt`, `id_maps`, `tgl_update`, `uuid`, `level`) VALUES ('K078EcN93wHvLYR3', '3502112908170002', 'Edi Sunarno', 'Jl. Brawijaya', '6285334563225', '', 'RT001ObJGvbrHwCBz', '', '2023-08-16 14:02:47', '', 'kepala_kk');
INSERT INTO `tb_kk` (`id_kk`, `no_kk`, `nama_kk`, `alamat`, `no_hp`, `foto_kk`, `id_rt`, `id_maps`, `tgl_update`, `uuid`, `level`) VALUES ('K079lxqbThIIVrDJ', '3502111508230004', 'Adji Soko', 'Jl. Agus salim Dkh. Medelan', '1234', 'Adji Soko_64e6aee01dae5.jpeg', 'jfeed001jddSWc', 'jXR8Q5v3IvzFprHniN3j', '2023-08-24 08:33:52', '', 'kepala_kk');
INSERT INTO `tb_kk` (`id_kk`, `no_kk`, `nama_kk`, `alamat`, `no_hp`, `foto_kk`, `id_rt`, `id_maps`, `tgl_update`, `uuid`, `level`) VALUES ('K0808auPXPqYuFOB', '3502110308230001', 'Viky Romliudin', 'Jl. H. Agus Salim Dkh. Medelan', '62895399274933', 'Viky Romliudin_64e70b1c80b52.jpg', 'jfeed001jddSWc', '', '2023-08-24 14:54:36', '', 'kepala_kk');
INSERT INTO `tb_kk` (`id_kk`, `no_kk`, `nama_kk`, `alamat`, `no_hp`, `foto_kk`, `id_rt`, `id_maps`, `tgl_update`, `uuid`, `level`) VALUES ('K0815HXZF117ZhyV', '3502112906200007', 'Triyono Widodo', 'Jln. Brawijaya', '6281226862255', '', 'RT001ObJGvbrHwCBz', '', '2023-08-30 13:18:56', '', 'kepala_kk');
INSERT INTO `tb_kk` (`id_kk`, `no_kk`, `nama_kk`, `alamat`, `no_hp`, `foto_kk`, `id_rt`, `id_maps`, `tgl_update`, `uuid`, `level`) VALUES ('K082eAY8FEI7Gs8u', '3502111211010223', 'Parni', 'Jln. Teuku Umar', '', '', 'RT001ObJGvbrHwCBz', '', '2023-08-30 13:27:37', '', 'kepala_kk');
INSERT INTO `tb_kk` (`id_kk`, `no_kk`, `nama_kk`, `alamat`, `no_hp`, `foto_kk`, `id_rt`, `id_maps`, `tgl_update`, `uuid`, `level`) VALUES ('K083wDot7dK7Qout', '3502111211010259', 'Gunarti', 'Jl. Gajah Mada', '', '', 'RT001ObJGvbrHwCBz', '', '2023-08-30 13:30:14', '', 'kepala_kk');
INSERT INTO `tb_kk` (`id_kk`, `no_kk`, `nama_kk`, `alamat`, `no_hp`, `foto_kk`, `id_rt`, `id_maps`, `tgl_update`, `uuid`, `level`) VALUES ('K084xNXDEztRERUt', '3502112508160003', 'Jemono', 'Jl. Gajah Mada', '6282335431486', '', 'RT001ObJGvbrHwCBz', '', '2023-08-30 13:39:07', '', 'kepala_kk');


#
# TABLE STRUCTURE FOR: tb_maps
#

DROP TABLE IF EXISTS `tb_maps`;

CREATE TABLE `tb_maps` (
  `id_maps` varchar(50) NOT NULL,
  `latitude` text NOT NULL,
  `longitude` text NOT NULL,
  PRIMARY KEY (`id_maps`)
) ENGINE=MyISAM DEFAULT CHARSET=utf8 COLLATE=utf8_general_ci;

INSERT INTO `tb_maps` (`id_maps`, `latitude`, `longitude`) VALUES ('jXR8Q5v3IvzFprHniN3j', '-7.953046297621407', '111.43124538967965');


#
# TABLE STRUCTURE FOR: tb_rt
#

DROP TABLE IF EXISTS `tb_rt`;

CREATE TABLE `tb_rt` (
  `id_rt` varchar(50) NOT NULL,
  `no_rt` varchar(50) NOT NULL,
  `nama_rt` varchar(255) NOT NULL,
  `alamat` varchar(255) NOT NULL,
  `no_hp` varchar(255) NOT NULL,
  `email` text NOT NULL,
  `password` text NOT NULL,
  `id_token` varchar(50) NOT NULL,
  `level` varchar(50) NOT NULL DEFAULT 'ketua_rt',
  PRIMARY KEY (`id_rt`)
) ENGINE=InnoDB DEFAULT CHARSET=utf8mb4 COLLATE=utf8mb4_general_ci;

INSERT INTO `tb_rt` (`id_rt`, `no_rt`, `nama_rt`, `alamat`, `no_hp`, `email`, `password`, `id_token`, `level`) VALUES ('jfeed001jddSWc', '007', 'Zhamrin', 'Lingkungan Etan Serut, Dkh. Medelan', '0881036227698', 'sw646678@gmail.com', 'f6d6b705b589db67d48c7956573061ea', 'T001', 'ketua_rt');
INSERT INTO `tb_rt` (`id_rt`, `no_rt`, `nama_rt`, `alamat`, `no_hp`, `email`, `password`, `id_token`, `level`) VALUES ('RT0012gJdK15tJdB6', '002', 'Didik', 'Jl. Dr. Sutomo Dkh. Jalen', '085852339060', 'didik@gmail.com', '202cb962ac59075b964b07152d234b70', '', 'ketua_rt');
INSERT INTO `tb_rt` (`id_rt`, `no_rt`, `nama_rt`, `alamat`, `no_hp`, `email`, `password`, `id_token`, `level`) VALUES ('RT001ObJGvbrHwCBz', '004', 'Supri', 'Lingkungan pinggir kali (tenggong), Dkh. Medelan', '62085157503744', 'supri@gmail.com', '202cb962ac59075b964b07152d234b70', '', 'ketua_rt');
INSERT INTO `tb_rt` (`id_rt`, `no_rt`, `nama_rt`, `alamat`, `no_hp`, `email`, `password`, `id_token`, `level`) VALUES ('RT001qmhCMzsmiv4N', '005', 'Kusworo', 'Lingkungan sobo, Dkh medelan', '085157503744', 'kusworo@gmail.com', '202cb962ac59075b964b07152d234b70', '', 'ketua_rt');


#
# TABLE STRUCTURE FOR: tb_token
#

DROP TABLE IF EXISTS `tb_token`;

CREATE TABLE `tb_token` (
  `id_token` varchar(50) NOT NULL,
  `token` text NOT NULL,
  `expired` timestamp NOT NULL DEFAULT current_timestamp() ON UPDATE current_timestamp(),
  PRIMARY KEY (`id_token`)
) ENGINE=InnoDB DEFAULT CHARSET=utf8mb4 COLLATE=utf8mb4_general_ci;

